html_url,id,names.types.ror_display,status,types,names.types.alias,names.types.label,names.types.acronym,links.type.website,links.type.wikipedia,domains,established,external_ids.type.fundref.all,external_ids.type.fundref.preferred,external_ids.type.grid.all,external_ids.type.grid.preferred,external_ids.type.isni.all,external_ids.type.isni.preferred,external_ids.type.wikidata.all,external_ids.type.wikidata.preferred,city,country,locations.geonames_id,parent_relationships,comment
,https://ror.org/04xhqj302,Instituto de Ciência e Inovação para a Bio-Sustentabilidade*pt,active,education,,Instituto de Ciência e Inovação para a Bio-Sustentabilidade*pt; Institute of Science and Inoovation for Bio-Sustainability*en,IB-S*pt,http://ib-s.uminho.pt,,ib-s.uminho.pt,,,,,,0000 0005 0832 7689,0000 0005 0832 7689,,,Braga,Portugal,2742032,https://ror.org/037wpkx04,
,https://ror.org/04zf11v35,Instituto de Psicologia e Neuropsicologia do Porto (Portugal)*Portuguese,active,company,,Instituto de Psicologia e Neuropsicologia do Porto (Portugal)*Portuguese,IPNP*pt,https://ipnp.pt,,ipnp.pt,,,,,,0000 0005 1094 2605,0000 0005 1094 2605,,,Porto,Portugal,2735943,,"Website under construction, no Wikipedia, no Wikidata pages"
,https://ror.org/03c8rbe02,Instituto Nacional para a Reabilitação*pt,active,government,,Instituto Nacional para a Reabilitação*pt; National Institute for Rehabilitation*en,INR*pt,https://www.inr.pt,,inr.pt,,,,,,0000 0000 8631 2822,0000 0000 8631 2822,,,Lisboa,Portugal,2267057,,Website only loads with VPN
,https://ror.org/01ba0qf36,Hospital Santa Maria Maior EPE*pt,active,healthcare,,Hospital Santa Maria Maior EPE*pt,,https://www.hbarcelos.min-saude.pt,https://pt.wikipedia.org/wiki/Hospital_Santa_Maria_Maior,hbarcelos.min-saude.pt,,,,,,0000 0000 9783 4335,0000 0000 9783 4335,Q124750397,Q124750397,Barcelos,Portugal,2742416,https://ror.org/020j5zv28,Website only loads with VPN
,https://ror.org/03rbv1p10,Administração Regional de Saúde do Algarve IP*pt,active,government,,Administração Regional de Saúde do Algarve IP*pt,ARSA*pt,https://www.arsalgarve.min-saude.pt,https://pt.wikipedia.org/wiki/Administra%C3%A7%C3%A3o_Regional_de_Sa%C3%BAde_do_Algarve,arsalgarve.min-saude.pt,,,,,,0000 0001 0122 6843,0000 0001 0122 6843,Q16485455,Q16485455,Faro,Portugal,2268337,,Website only loads with VPN
,https://ror.org/04ed3sm51,Museu de História Natural do Funchal*pt,active,other,,Museu de História Natural do Funchal*pt,MMF*pt,https://mmf.funchal.pt,,mmf.funchal.pt,,,,,,0000 0001 2168 6230,0000 0001 2168 6230,,,Funchal,Portugal,2267827,,
,https://ror.org/043ey0s60,Unidade Local de Saúde do Algarve*pt,active,healthcare,,Unidade Local de Saúde do Algarve*pt,,https://www.chualgarve.min-saude.pt,,chualgarve.min-saude.pt,,,,,,0000 0005 1445 3294,0000 0005 1445 3294,,,Faro,Portugal,2268337,,
,https://ror.org/03j4tqp21,Unidade Local de Saúde de Almada-Seixal*pt,active,healthcare,,Unidade Local de Saúde de Almada-Seixal*pt,ULSAS*pt,https://www.ulsas.min-saude.pt,,ulsas.min-saude.pt,,,,,,0000 0005 1433 2126,0000 0005 1433 2126,,,Almada,Portugal,2271961,,
,https://ror.org/0408ywy94,Unidade Local de Saúde do Tâmega e Sousa*pt,active,healthcare,,Unidade Local de Saúde do Tâmega e Sousa*pt,,https://www.chts.min-saude.pt,,chts.min-saude.pt,,,,,,0000 0005 1445 3307,0000 0005 1445 3307,,,Penafiel,Portugal,2736469,,
,https://ror.org/032qr8837,ActualSales (Portugal)*en,active,company,ActualSales Group (Portugal)*en,ActualSales (Portugal)*en,,https://actualsales.com,,actualsales.com,,,,,,0000 0004 5988 0495,0000 0004 5988 0495,,,Lisboa,Portugal,2267057,,
,https://ror.org/008z17697,Associação para a Inovação e Empreendedorismo de Lisboa*pt,active,other,Startup Lisboa*pt,Associação para a Inovação e Empreendedorismo de Lisboa*pt,AIEL*pt,https://www.startuplisboa.com,,startuplisboa.com,,,,,,0000 0004 6789 6171,0000 0004 6789 6171,,,Lisboa,Portugal,2267057,,
,https://ror.org/00cd1nz59,Arquitectos Sem Fronteiras Portugal*pt,active,other,,Arquitectos Sem Fronteiras Portugal*pt,ASFP*pt,https://asfp.pt,,asfp.pt,,,,,,0000 0005 1081 1330,0000 0005 1081 1330,,,Lisboa,Portugal,2267057,,
,https://ror.org/05fnq6x95,Arquivo Historico Ultramarino*pt,active,archive,,Arquivo Historico Ultramarino*pt,AHU*pt,http://ahu.dglab.gov.pt,https://en.wikipedia.org/wiki/Arquivo_Hist%C3%B3rico_Ultramarino,ahu.dglab.gov.pt,,,,,,0000 0004 5927 9827,0000 0004 5927 9827,Q9630359,Q9630359,Lisboa,Portugal,2267057,,
,https://ror.org/04fzsfa80,Associação Acredita Portugal (Portugal)*pt,active,company,Acredita Portugal*pt,Associação Acredita Portugal (Portugal)*pt; Acredita Portugal Association*en,,https://www.acreditaportugal.org,,acreditaportugal.org,,,,,,0000 0004 4664 811X,0000 0004 4664 811X,,,Lisboa,Portugal,2267057,,
,https://ror.org/02fcch113,Associação de Municípios do Vale do Ave*pt,active,other,,Associação de Municípios do Vale do Ave*pt,AMAVE*pt,http://www.amave.pt,,amave.pt,,,,,,0000 0004 6007 9910,0000 0004 6007 9910,,,Guimarães,Portugal,2738752,,
,https://ror.org/038xgmf85,Banco Finantia (Portugal)*pt,active,company,,Banco Finantia (Portugal)*pt,,https://www.finantia.com,,finantia.com,,,,,,0000 0000 8969 5224,0000 0000 8969 5224,,,Lisboa,Portugal,2267057,,
,https://ror.org/04450pb18,Biblioteca Municipal Afonso Lopes Vieira*pt,active,archive,,Biblioteca Municipal Afonso Lopes Vieira*pt,,https://pacweb.cm-leiria.pt,,pacweb.cm-leiria.pt,,,,,,0000 0000 8630 9930,0000 0000 8630 9930,,,Leiria,Portugal,2267095,,
,https://ror.org/0578b1302,Brito Machado e Lima Lda (Portugal)*pt,active,company,,Brito Machado e Lima Lda (Portugal)*pt,,,,,,,,,,0000 0005 1421 5026,0000 0005 1421 5026,,,Coimbra,Portugal,2740637,,"Urology and neurology exam clinic. No website, still active but no significant mentions in academic publications found"
,https://ror.org/04ghwjq45,BSIM2 Biomolecular Simulations (Portugal)*en,active,company,,BSIM2 Biomolecular Simulations (Portugal)*en,,https://bsimsquare.com/index.php/2-uncategorised/6-home,,,,,,,,0000 0004 6410 7894,0000 0004 6410 7894,,,Coimbra,Portugal,2740637,,
,https://ror.org/01z4sr004,C3B Clinical Research (Portugal)*en,active,company,,C3B Clinical Research (Portugal)*en,,https://www.c3bclinical.com,,c3bclinical.com,,,,,,0000 0004 6410 7907,0000 0004 6410 7907,,,Lisboa,Portugal,2267057,,"Page under construction, but no mentions of it being closed  down anywhere else"
,https://ror.org/040ydk043,Camara dos Tecnicos Oficiais de Contas*pt,active,other,,Camara dos Tecnicos Oficiais de Contas*pt,,https://www.ctoc.pt,,ctoc.pt,,,,,,0000 0000 8902 1852,0000 0000 8902 1852,,,Lisboa,Portugal,2267057,,"No longer active, tranformed into Ordem dos Contabilistas Certificados at https://www.occ.pt/ (not at ROR)"
,https://ror.org/00bvnqh62,Camara Municipal Oeiras*pt,active,government,,Camara Municipal Oeiras*pt,,https://www.oeiras.pt,,oeiras.pt,,,,,,0000 0004 0392 6829,0000 0004 0392 6829,,,Oeiras,Portugal,2265464,,
,https://ror.org/02mn2kc58,Capital Douro Associação Industrial Comercial e de Serviços de São João da Pesqueira*pt,active,other,,Capital Douro Associação Industrial Comercial e de Serviços de São João da Pesqueira*pt,,https://capitaldouro.pt,,capitaldouro.pt,,,,,,0000 0004 6789 6374,0000 0004 6789 6374,,,São João da Pesqueira,Portugal,2734483,,
,https://ror.org/022dgjm82,Cardi9 Prestação de Serviços de Saúde (Portugal)*pt,active,company,,Cardi9 Prestação de Serviços de Saúde (Portugal)*pt; Cardi9 Health Services Provision*en,,,,,,,,,,0000 0004 6420 8089,0000 0004 6420 8089,,,Lisboa,Portugal,2267057,,No website found but found mentions in directories.
,https://ror.org/005xwqf23,Carma International (Portugal)*en,active,company,,Carma International (Portugal)*en,,https://carma.com/pt-pt/,,,,,,,,0000 0004 1798 3197,0000 0004 1798 3197,,,Lisboa,Portugal,2267057,,
,https://ror.org/015s96x19,Centro de Estudos Ambientais de Alcácer do Sal (Portugal)*pt,active,company,Herdade das Parchanas*pt,Centro de Estudos Ambientais de Alcácer do Sal (Portugal)*pt; Alcácer do Sal Environmental Studies Center*en,CEAAS*pt,https://www.parchanas.com,,parchanas.com,,,,,,0000 0005 0997 0713,0000 0005 0997 0713,,,Torrão,Portugal,2262625,,
,https://ror.org/03eaaxm14,Centro de Estudos e Avaliação em Saúde*pt,active,other,,Centro de Estudos e Avaliação em Saúde*pt,CEFAR*pt,,,,,,,,,0000 0004 5897 2443,0000 0004 5897 2443,,,Lisboa,Portugal,2267057,,Parent org is Associação Nacional das Farmácias (ANF) at https://www.anf.pt/
,https://ror.org/05gsdmj20,Centro de Estudos Línguas e Formação do Funchal (Portugal)*pt,active,company,,Centro de Estudos Línguas e Formação do Funchal (Portugal)*pt; Centre for Studies Languages and Training of Funchal*en,CELFF*pt,https://celffeducation.pt/portfolio/celff-funchal/,,,,,,,,0000 0004 6410 8029,0000 0004 6410 8029,,,Funchal,Portugal,2267827,,
,https://ror.org/03m1mgc42,Centro de Estudos Superiores da Indústria Farmacêutica Unipessoal (Portugal)*pt,active,company,,Centro de Estudos Superiores da Indústria Farmacêutica Unipessoal (Portugal)*pt; Center of Advanced Studies of Pharmaceutical Industry*en,CESIF*pt,https://www.cesif.pt,,cesif.pt,,,,,,0000 0005 1090 3737,0000 0005 1090 3737,,,Lisboa,Portugal,2267057,,
,https://ror.org/03j6qa959,Centro de Excelência para a Valorização dos Recursos Mediterrânicos (Portugal)*pt,active,company,,Centro de Excelência para a Valorização dos Recursos Mediterrânicos (Portugal)*pt; Centre of Excellence for Appreciation of Mediterranean Resources*en,CEVRM*pt,https://www.cevrm.pt,,cevrm.pt,,,,,,0000 0004 6416 5365,0000 0004 6416 5365,,,Almodôvar,Portugal,2271912,,Website gives error 403 but it is an active institution
,https://ror.org/02kwzrk08,Centro de Medicina de Reabilitação do Sul*pt,active,healthcare,,Centro de Medicina de Reabilitação do Sul*pt,,,,,,,,,,0000 0004 5914 2388,0000 0004 5914 2388,,,São Brás de Alportel,Portugal,2263377,,"Still active but no loading website found (www.cmfrsul.min-saude.pt;www.cmfrsul.min-saude.pt/portal                
www.arsnorte.min-saude.pt/comportamentos-aditivos-e-dependencia/contactos/cri-porto-oriental)"
,https://ror.org/04tvhje80,Centro de Respostas Integradas Porto Oriental (Portugal)*pt,active,company,,Centro de Respostas Integradas Porto Oriental (Portugal)*pt; Eastern Porto Integrated Response Team*en,,https://www.arsnorte.min-saude.pt/comportamentos-aditivos-e-dependencia/contactos/cri-porto-oriental/,,,,,,,,0000 0004 8339 9829,0000 0004 8339 9829,,,Porto,Portugal,2735943,,
,https://ror.org/0035nwv60,Centro de Saúde de Rio de Mouro (Portugal)*pt,active,company,,Centro de Saúde de Rio de Mouro (Portugal)*pt; Health Centre of Rio de Mouro*en,,,,,,,,,,0000 0004 5928 9179,0000 0004 5928 9179,,,Rio de Mouro,Portugal,2263827,,Still active but no loading website found
,https://ror.org/01xz37v17,Centro de Saúde Figueira da Foz Buarcos (Portugal)*pt,active,company,,Centro de Saúde Figueira da Foz Buarcos (Portugal)*pt; Centro de Saúde Figueira da Foz Buarcos; Figueira da Foz Buarcos Health Centre,,,,,,,,,,0000 0004 4902 4011,0000 0004 4902 4011,,,Buarcos,Portugal,2741961,,Still active but no loading website found
,https://ror.org/02xj02q08,Centro Empresarial Torres de Lisboa (Portugal)*pt,active,company,,Centro Empresarial Torres de Lisboa (Portugal)*pt; Lisbon Towers Business Centre*en,,https://torresdelisboa.pt,,torresdelisboa.pt,,,,,,0000 0004 0618 9465,0000 0004 0618 9465,,,Lisboa,Portugal,2267057,,
,https://ror.org/015j0wa14,Centro Hospitalar do Médio Tejo EPE*pt,active,healthcare,,Centro Hospitalar do Médio Tejo EPE*pt,CHMT*pt,https://www.chmt.min-saude.pt,,chmt.min-saude.pt,,,,,,0000 0004 5914 1406,0000 0004 5914 1406,,,Tomar,Portugal,2262644,,
,https://ror.org/04ccaah57,Centro Hospitalar Póvoa de Varzim Vila do Conde EPE Unidade de Vila do Conde*pt,active,healthcare,,Centro Hospitalar Póvoa de Varzim Vila do Conde EPE Unidade de Vila do Conde*pt,CHPVVC*pt,https://www.chpvvc.min-saude.pt,,chpvvc.min-saude.pt,,,,,,0000 0005 0450 0376,0000 0005 0450 0376,,,Vila do Conde,Portugal,2732649,,
,https://ror.org/0248ps908,Centro Hospitalar Psiquiátrico de Coimbra*pt,active,healthcare,,Centro Hospitalar Psiquiátrico de Coimbra*pt,,https://www.ulscoimbra.min-saude.pt/servicos/p/cri-psiquiatria/,,,,,,,,0000 0004 0508 8048,0000 0004 0508 8048,,,Castelo Viegas,Portugal,2740984,,
,https://ror.org/02cggsh80,Centro Interdisciplinar de Estudos Económicos*pt,active,other,,Centro Interdisciplinar de Estudos Económicos*pt,CIDEC*pt,,,,,,,,,0000 0004 9340 0483,0000 0004 9340 0483,,,Lisboa,Portugal,2267057,,Still active but website is not loading (www.cidec.pt)
,https://ror.org/02qmrb876,Centro Nacional de Competências dos Frutos Secos Associação*pt,active,other,,Centro Nacional de Competências dos Frutos Secos Associação*pt,CNCFS*pt,https://cncfs.pt,,cncfs.pt,,,,,,0000 0004 6782 3589,0000 0004 6782 3589,,,Bragança,Portugal,2742026,,
,https://ror.org/009kyk389,Cooperativa de Ensino Politécnico*pt,active,other,,Cooperativa de Ensino Politécnico*pt,CEP*pt,,,,,,,,,0000 0005 1081 2093,0000 0005 1081 2093,,,Vila Nova de Gaia,Portugal,2732544,,No website found but still active
,https://ror.org/00pcacg52,Cooperativa de Estudos e Intervenção em Projectos Socioeconómicos*pt,active,other,,Cooperativa de Estudos e Intervenção em Projectos Socioeconómicos*pt,CEPSE*pt,,,,,,,,,0000 0004 6428 0769,0000 0004 6428 0769,,,Porto de Mós,Portugal,2264427,,Still active but website not loading (www.cepse.pt)
,https://ror.org/01ct2fp44,Chartwell Actives LLC (Portugal)*en,active,company,,Chartwell Actives LLC (Portugal)*en; Chartwell Actives LLC,,https://www.chartwellactives.com,,chartwellactives.com,,,,,,0000 0004 6004 8022,0000 0004 6004 8022,,,Castanheira do Ribatejo,Portugal,2269556,,Website under construction
,https://ror.org/04zfwta05,ChiraTecnics (Portugal)*en,active,company,,ChiraTecnics (Portugal)*en; ChiraTecnics,,,,,,,,,,0000 0004 0527 6022,0000 0004 0527 6022,,,Évora,Portugal,2268406,,"Empty domain (https://www.chiratecnics.com/), according to their LinkedIn page they changed focus to medicinal chemistry in partnership with the University of Evora"
,https://ror.org/04f5zf256,Clarke Modet (Portugal)*pt,active,company,,Clarke Modet (Portugal)*pt,,https://www.clarkemodet.com/pt-pt/,,,,,,,,0000 0000 9295 2770,0000 0000 9295 2770,,,Lisboa,Portugal,2267057,,
,https://ror.org/02jbzd997,Clínica de Ortopedia Doutor Noronha (Portugal)*pt,active,company,,Clínica de Ortopedia Doutor Noronha (Portugal)*pt; Doctor Noronha Orthopedics Clinic*en,,,,,,,,,,0000 0004 4908 1112,0000 0004 4908 1112,,,Leça do Balio,Portugal,2738347,,Still open but it has no website
,https://ror.org/01qb2q565,Clínica Dentária Dr Sérgio Saavedra Marinho (Portugal)*pt,active,company,,Clínica Dentária Dr Sérgio Saavedra Marinho (Portugal)*pt; Dr Sergio Saavedra Marinho Dental Clinic*en,,,,,,,,,,0000 0004 7650 1127,0000 0004 7650 1127,,,Porto,Portugal,2735943,,Still open but it has no website
,https://ror.org/00yk1ar69,Cliniciência (Portugal)*pt,active,company,,Cliniciência (Portugal)*pt,,,,,,,,,,0000 0004 6428 0785,0000 0004 6428 0785,,,Maia,Portugal,2738014,,Still open but it has no website
,https://ror.org/00d8qfg29,Coletivo Criatura (Portugal)*pt,active,company,,Coletivo Criatura (Portugal)*pt; Collective Creature*en,,,,,,,,,,0000 0004 6428 0793,0000 0004 6428 0793,,,Ponte de Lima,Portugal,2736041,,"Still active, social media presence only, no website"
,https://ror.org/00qpy9f50,Comissão para a igualdade no Trabalho e no Emprego*pt,active,government,,Comissão para a igualdade no Trabalho e no Emprego*pt,CITE*pt,https://www.cite.gov.pt,,cite.gov.pt,,,,,,0000 0000 9851 6160,0000 0000 9851 6160,,,Lisboa,Portugal,2267057,,
,https://ror.org/03gz2j032,Congregação das Irmãs do Instituto de Santa Doroteia*pt,active,other,,Congregação das Irmãs do Instituto de Santa Doroteia*pt,,https://irmasdoroteias.pt,,irmasdoroteias.pt,,,,,,0000 0004 4661 0293,0000 0004 4661 0293,,,Porto,Portugal,2735943,,
,https://ror.org/01fak6m55,Consulbiotech Investigação e Desenvolvimento (Portugal)*pt,active,company,,Consulbiotech Investigação e Desenvolvimento (Portugal)*pt; Consulbiotech Research and Development*en,,,,,,,,,,0000 0004 6428 0806,0000 0004 6428 0806,,,Tavira,Portugal,2262744,,Still open but it has no website
,https://ror.org/00qp9bj50,Convento Espirito Santo*pt,active,other,,Convento Espirito Santo*pt,,,,,,,,,,0000 0004 0407 4795,0000 0004 0407 4795,,,Loule,Portugal,2266988,,Still open but it has no website
,https://ror.org/00ftahb81,Cooperativa de Ensino Superior Artístico do Porto*pt,active,education,,Cooperativa de Ensino Superior Artístico do Porto*pt,CESAP*pt,https://cesap.pt,,cesap.pt,,,,,,0000 0001 0393 6849,0000 0001 0393 6849,,,Porto,Portugal,2735943,,
,https://ror.org/01z70sb13,Cooperativa de Técnicas Avançadas de Gestão e Informática*pt,active,other,,Cooperativa de Técnicas Avançadas de Gestão e Informática*pt,COCITE*pt,,,,,,,,,0000 0004 6469 9279,0000 0004 6469 9279,,,Lisboa,Portugal,2267057,,Still open but it has no website
,https://ror.org/01qc87q47,Cooperativa de Viveiristas da Ria Formosa*pt,active,other,,Cooperativa de Viveiristas da Ria Formosa*pt,,,,,,,,,,0000 0005 0840 3725,0000 0005 0840 3725,,,Olhão,Portugal,2265447,,"Still open but it has no website, only social media presence"
,https://ror.org/04v0vnr61,Cordex (Portugal)*pt,active,company,,Cordex (Portugal)*pt,,https://www.cordex.com,,cordex.com,,,,,,0000 0004 0461 5264,0000 0004 0461 5264,,,Esmoriz,Portugal,2739915,,
,https://ror.org/048z3gz22,Coriant (Portugal)*pt,active,company,,Coriant (Portugal)*pt,,https://www.coriant.com,,coriant.com,,,,,,0000 0004 6416 5656,0000 0004 6416 5656,,,Amadora,Portugal,2271772,,"Bough by Infinera (https://ror.org/02ty5cy83), if added should be as Inactive"
,https://ror.org/009h9cg39,Coudelaria de Alter (Portugal)*pt,active,company,,Coudelaria de Alter (Portugal)*pt; Alter Stud Farm*en,,https://alterreal.pt,,alterreal.pt,,,,,,0000 0005 1081 2245,0000 0005 1081 2245,,,Alter do Chão,Portugal,2271841,,
,https://ror.org/03fqv0k52,CPH Pharma (Portugal)*en,inactive,company,,CPH Pharma (Portugal)*en,,https://www.cphpharma.pai.pt,,cphpharma.pai.pt,,,,,,0000 0004 0633 5477,0000 0004 0633 5477,,,Carnaxide,Portugal,2270157,,Bough by Grupo Ferrer (https://ror.org/00mwcg389) in 2008 according to https://pharmaboardroom.com/interviews/interview-jose-silva-general-manager-ferrer-portugal/. If added should be as Inactive with https://ror.org/00mwcg389 as successor
,https://ror.org/03k6jnj59,CPL Meetings and Events (Portugal)*en,active,company,,CPL Meetings and Events (Portugal)*en,,https://cpl-events.com,,cpl-events.com,,,,,,0000 0004 6007 7747,0000 0004 6007 7747,,,Cascais,Portugal,2269594,,
,https://ror.org/00ad17k20,CQS Unipessoal (Portugal)*pt,active,company,,CQS Unipessoal (Portugal)*pt,,http://cqs.pt,,cqs.pt,,,,,,0000 0004 6416 5699,0000 0004 6416 5699,,,Lisboa,Portugal,2267057,,Still active but website shows SSL error
,https://ror.org/02491xs25,Creartopia (Portugal)*pt,active,company,,Creartopia (Portugal)*pt,,,,,,,,,,0000 0004 6428 0814,0000 0004 6428 0814,,,Matosinhos,Portugal,8010584,,"Still active, social media presence only, no website"
,https://ror.org/049wzjz61,CRIVARQUE Estudos de Impacto e Trabalhos Geo-Arqueológicos (Portugal)*pt,active,company,,CRIVARQUE Estudos de Impacto e Trabalhos Geo-Arqueológicos (Portugal)*pt; CRIVARQUE Impact Studies and Geo-Archaeological Works*en,,http://www.crivarque.net,,crivarque.net,,,,,,0000 0004 6416 5701,0000 0004 6416 5701,,,Torres Novas,Portugal,2262582,,Still active but website does not load
,https://ror.org/00cydpt19,CTC Consultoria (Portugal)*pt,active,company,Clinical Trials Consulting*en,CTC Consultoria (Portugal)*pt; CTC Consulting*en,CTC*pt,,,,,,,,,0000 0004 6428 0822,0000 0004 6428 0822,,,Oeiras,Portugal,2265464,,Still active but website does not load
,https://ror.org/00wbjtg63,Curia Tecnoparque (Portugal)*pt,active,company,,Curia Tecnoparque (Portugal)*pt; Curia Tecnopark*en,,https://www.cm-anadia.pt/pages/660,,,,,,,,0000 0004 6793 0296,0000 0004 6793 0296,,,Anadia,Portugal,2742908,,
,https://ror.org/02yf7ck74,Dailywork Investigação e Desenvolvimento (Portugal)*pt,active,company,,Dailywork Investigação e Desenvolvimento (Portugal)*pt; DDailywork Research and Development*en,,,,,,,,,,0000 0004 6416 5891,0000 0004 6416 5891,,,Lisboa,Portugal,2267057,,Still open but website does not load
,https://ror.org/0337x0d68,Dariacordar Associação para a Recuperação do Desperdício*pt,active,other,,Dariacordar Associação para a Recuperação do Desperdício*pt,,https://dariacordar.org,,dariacordar.org,,,,,,0000 0004 6782 3626,0000 0004 6782 3626,,,Lisboa,Portugal,2267057,,
,https://ror.org/046q9bd61,DATINFOR (Portugal)*pt,active,company,,DATINFOR (Portugal)*pt; DATINFOR*pt,,,,,,,,,,0000 0004 0501 2633,0000 0004 0501 2633,,,Maia,Portugal,2738014,,Still open but website does not load
,https://ror.org/05h536g49,DH Debater a História Publicação e Investigação (Portugal)*pt,active,company,,DH Debater a História Publicação e Investigação (Portugal)*pt; DH Debate History Publication and Research Sole Proprietorship*en,,,,,,,,,,0000 0004 6428 0857,0000 0004 6428 0857,,,Vila Nova de Gaia,Portugal,2732544,,Still open but website does not load
,https://ror.org/00rsahe50,Direção Regional de Agricultura e Pescas de Lisboa e Vale do Tejo*pt,active,government,,Direção Regional de Agricultura e Pescas de Lisboa e Vale do Tejo*pt,DRAPLVT*pt,https://www.gov.pt/entidades/direcao-regional-de-agricultura-e-pescas-de-lisboa-e-vale-do-tejo,,,,,,,,0000 0004 0496 8836,0000 0004 0496 8836,,,Santarém,Portugal,2263478,,
,https://ror.org/05rrm9g41,Biblioteca da Direção-Geral da Qualificação dos Trabalhadores em Funções Públicas*pt,active,archive,,Biblioteca da Direção-Geral da Qualificação dos Trabalhadores em Funções Públicas*pt,,,,,,,,,,0000 0004 7684 3143,0000 0004 7684 3143,,,Lisboa,Portugal,2267057,,Still active but no webpage found other than parent institution with no mentions of it
,https://ror.org/025cgtr67,Direcção-Geral dos Assuntos Europeus*pt,active,government,,Direcção-Geral dos Assuntos Europeus*pt,,https://www.gov.pt/entidades/direcao-geral-dos-assuntos-europeus,,,,,,,,0000 0004 4663 8181,0000 0004 4663 8181,,,Lisboa,Portugal,2267057,,
,https://ror.org/00kfcn389,Douro StartUP*pt,active,other,,Douro StartUP*pt,,https://dourostartup.pt,,dourostartup.pt,,,,,,0000 0004 6789 6382,0000 0004 6789 6382,,,São João da Pesqueira,Portugal,2734483,,Still active but website does not load
,https://ror.org/03zj3bx65,Dr Campos Costa (Portugal)*pt,active,company,,Dr Campos Costa (Portugal)*pt,,,,,,,,,,0000 0004 0487 5525,0000 0004 0487 5525,,,Porto,Portugal,2735943,,"Medical Imaging clinic, still open but website does not load"
,https://ror.org/038kjt533,Dreamo Balanced Work Systems (Portugal)*en,active,company,,Dreamo Balanced Work Systems (Portugal)*en,,,,,,,,,,0000 0004 6416 6042,0000 0004 6416 6042,,,Matosinhos,Portugal,8010584,,Still active but website does not load
,https://ror.org/00wzfde70,Edições Humus (Portugal)*pt,active,company,,Edições Humus (Portugal)*pt; Humus Publishers*en,,https://edicoeshumus.pt,,edicoeshumus.pt,,,,,,0000 0004 0461 531X,0000 0004 0461 531X,,,Vilarinho das Cambas,Portugal,2732390,,
,https://ror.org/02ct4pf45,Empresa Portuguesa de Defesa SGPS (Portugal)*pt,inactive,company,,Empresa Portuguesa de Defesa SGPS (Portugal)*pt; Portuguese Defense Company*en,EMPORDEF*pt,https://www.empordef.pt,,empordef.pt,,,,,,0000 0001 0595 7440,0000 0001 0595 7440,,,Lisboa,Portugal,2267057,,"Extinct in 2019, succeeded by idD (https://ror.org/00t2w7350, add as inactive)"
,https://ror.org/05j18y241,Ensigaia - Educação e Formação (Portugal)*pt,active,company,,Ensigaia - Educação e Formação (Portugal)*pt; Ensigaia - Education and Training*en,,,,,,,,,,0000 0005 0773 3773,0000 0005 0773 3773,,,Vila Nova de Gaia,Portugal,2732544,,Still active but website not found
,https://ror.org/027k3nr85,ENSILIS Educação e Formação (Portugal)*pt,active,company,,ENSILIS Educação e Formação (Portugal)*pt; ENSILIS Education and Training*en,,,,,,,,,,0000 0004 6044 0104,0000 0004 6044 0104,,,Lisboa,Portugal,2267057,,Still active but website not found
,https://ror.org/014p73186,Ensino Superior Empresarial (Portugal)*pt,active,company,,Ensino Superior Empresarial (Portugal)*pt,ESE*pt,,,,,,,,,0000 0005 1377 1338,0000 0005 1377 1338,,,Porto,Portugal,2735943,,"Merged into ISAG (https://ror.org/05fb8h434) in 2000, add as inactive"
,https://ror.org/04ffrtr26,Equipa de Tratamento de Gondomar (Portugal)*pt,active,company,,Equipa de Tratamento de Gondomar (Portugal)*pt; Gondomar Treatment Team*en,,https://www.arsnorte.min-saude.pt/comportamentos-aditivos-e-dependencia/contactos/cri-porto-oriental/,,,,,,,,0000 0004 8339 9861,0000 0004 8339 9861,,,Gondomar,Portugal,2738925,,
,https://ror.org/00stdgd87,Ferraz Pharma (Portugal)*en,active,company,,Ferraz Pharma (Portugal)*en,,https://www.ferrazpharma.com,,ferrazpharma.com,,,,,,0000 0005 1262 4918,0000 0005 1262 4918,,,Santa Comba Dão,Portugal,2734747,,"Active, but website under construction"
,https://ror.org/04tnanv78,Formalpress Publicações e Marketing (Portugal)*pt,active,company,Media XXI*pt,Formalpress Publicações e Marketing (Portugal)*pt; Formalpress Publications and Marketing*en,,https://www.mediaxxi.com,,mediaxxi.com,,,,,,0000 0004 6417 6566,0000 0004 6417 6566,,,Porto,Portugal,2735943,,
,https://ror.org/05hxhxh67,Formalpress Publicações e Marketing Odivelas (Portugal)*pt,active,company,Media XXI Odivelas*pt,Formalpress Publicações e Marketing Odivelas (Portugal)*pt; Formalpress Publications and Marketing Odivelas*en,,https://www.mediaxxi.com,,mediaxxi.com,,,,,,0000 0004 6417 6582,0000 0004 6417 6582,,,Odivelas,Portugal,2265467,,
,https://ror.org/05yfnaj56,Francisco Allen Gomes (Portugal)*pt,active,company,Francisco & Ana Allen Gomes*pt,Francisco Allen Gomes (Portugal)*pt,,,,,,,,,,0000 0004 0632 9237,0000 0004 0632 9237,,,Coimbra,Portugal,2740637,,"Active, no website, psychiatric clininc, changed names"
,https://ror.org/01xzw8e81,Francisco José Farias Investigação (Portugal)*pt,active,company,,Francisco José Farias Investigação (Portugal)*pt; Francisco José Farias Research*en,,,,,,,,,,0000 0004 6417 6611,0000 0004 6417 6611,,,Arganil,Portugal,2742757,,"Active, no website"
,https://ror.org/01ngney22,Friday Ciência e Engenharia do Lazer (Portugal)*pt,active,company,Go Friday*en,Friday Ciência e Engenharia do Lazer (Portugal)*pt; Friday Leisure Science and Engineering*en,,https://gofriday.eu,,gofriday.eu,,,,,,0000 0004 6417 662X,0000 0004 6417 662X,,,Coimbra,Portugal,2740637,,
,https://ror.org/0007rbz95,Fundação Frei Pedro*pt,active,other,,Fundação Frei Pedro*pt,,https://www.freipedro.pt,,freipedro.pt,,,,,,0000 0004 6470 0989,0000 0004 6470 0989,,,Guarda,Portugal,2738785,,"Still active, website not loading"
,https://ror.org/00psjbh36,Fundação Friedrich Ebert*pt,active,other,,Fundação Friedrich Ebert*pt,,https://portugal.fes.de,,portugal.fes.de,,,,,,0000 0004 0469 5073,0000 0004 0469 5073,,,Lisboa,Portugal,2267057,,
,https://ror.org/04w00jq52,Global ISP (Portugal)*pt,active,company,,Global ISP (Portugal)*pt; Global ISP Sole Proprietorship*en,,https://www.globalisp.pt,,globalisp.pt,,,,,,0000 0004 6417 6873,0000 0004 6417 6873,,,Lisboa,Portugal,2267057,,"Active, website not loading"
,https://ror.org/05weeqx85,Governo da República Portuguesa Gabinete de Estrategia e Planeamento*pt,active,government,,Governo da República Portuguesa Gabinete de Estrategia e Planeamento*pt,GEP*pt,https://www.gep.mtsss.gov.pt,,gep.mtsss.gov.pt,,,,,,0000 0001 2326 4111,0000 0001 2326 4111,,,Lisboa,Portugal,2267057,,
,https://ror.org/05g8t6n77,Health Cluster Portugal Translational and Clinical Research Infrastructures Specialisation Platform*en,active,other,,Health Cluster Portugal Translational and Clinical Research Infrastructures Specialisation Platform*en,,,,,,,,,,0000 0005 0631 5668,0000 0005 0631 5668,,,Maia,Portugal,2738014,,"Active, no mentions found on parent website"
,https://ror.org/030w9ga59,Hipocrates Livros Tecnicos (Portugal)*pt,active,company,,Hipocrates Livros Tecnicos (Portugal)*pt; Hippocrates Technical Books*en,,https://www.hipocrates.pt,,hipocrates.pt,,,,,,0000 0004 0594 0499,0000 0004 0594 0499,,,Lisboa,Portugal,2267057,,"Active bookstore, website not laoding"
,https://ror.org/02xzwgv56,Hospital Arcebispo João Crisóstomo Cantanhede*pt,active,healthcare,,Hospital Arcebispo João Crisóstomo Cantanhede*pt,,https://www.hdcantanhede.min-saude.pt,,hdcantanhede.min-saude.pt,,,,,,0000 0004 5914 0817,0000 0004 5914 0817,,,Cantanhede,Portugal,2741547,,
,https://ror.org/002b35466,Hospital Cândido de Figueiredo Tondela*pt,active,healthcare,,Hospital Cândido de Figueiredo Tondela*pt,,https://www.chtv.min-saude.pt/hospital-candido-de-figueiredo/,,,,,,,,0000 0004 5914 114X,0000 0004 5914 114X,,,Tondela,Portugal,2733533,,
,https://ror.org/01v3aer42,Hospital de Lagos*pt,active,healthcare,,Hospital de Lagos*pt,,https://www.chualgarve.min-saude.pt/como-chegar/hospital-de-lagos/,,,,,,,,0000 0004 5914 3014,0000 0004 5914 3014,,,Lagos,Portugal,2267226,,
,https://ror.org/01gejfk39,Hospital de Santa Luzia de Elvas*pt,active,healthcare,,Hospital de Santa Luzia de Elvas*pt,,https://www.ulsna.min-saude.pt/como-chegar/hospital-santa-luzia-de-elvas/,,,,,,,,0000 0000 8563 5750,0000 0000 8563 5750,,,Elvas,Portugal,2268615,,
,https://ror.org/05ftynq40,Hospital Distrital Caldas da Rainha*pt,active,healthcare,,Hospital Distrital Caldas da Rainha*pt,,https://www.choeste.min-saude.pt,,choeste.min-saude.pt,,,,,,0000 0004 5914 3057,0000 0004 5914 3057,,,Caldas da Rainha,Portugal,2270437,,
,https://ror.org/043ze3447,Hospital Distrital Torres Vedras*pt,active,healthcare,,Hospital Distrital Torres Vedras*pt,,https://www.choeste.min-saude.pt,,choeste.min-saude.pt,,,,,,0000 0004 4911 9133,0000 0004 4911 9133,,,Torres Vedras,Portugal,2262581,,
,https://ror.org/02kspxs30,Hospital Dr José Maria Grande*pt,active,healthcare,,Hospital Dr José Maria Grande*pt,,https://www.ulsna.min-saude.pt/servico-de-cuidados-continuados-integrados/servicos/cuidados-de-saude-hospitalares/hosp-dr-jose-m-grande/,,,,,,,,0000 0000 9240 8898,0000 0000 9240 8898,,,Portalegre,Portugal,2264507,,
,https://ror.org/05qg5ht95,Hospital Nossa Senhora da Conceição de Valongo*pt,active,healthcare,,Hospital Nossa Senhora da Conceição de Valongo*pt,,,,,,,,,,0000 0004 5914 3110,0000 0004 5914 3110,,,Valongo,Portugal,2732978,,"Active, no website found"
,https://ror.org/057hh0d67,Imoclínica Investimentos Médicos (Portugal)*pt,active,company,,Imoclínica Investimentos Médicos (Portugal)*pt; Imoclínica Medical Investments*en,,https://www.imoclinica.pt,,imoclinica.pt,,,,,,0000 0004 0632 2879,0000 0004 0632 2879,,,Lisboa,Portugal,2267057,,"Active, website not loading"
,https://ror.org/019336t31,Innovnano Materiais Avançados (Portugal)*pt,active,company,,Innovnano Materiais Avançados (Portugal)*pt; Innovnano Advanced Materials*en,,,,,,,,,,0000 0004 6013 5310,0000 0004 6013 5310,,,Coimbra,Portugal,2740637,,"Active, website not loading"
,https://ror.org/05n8p6v35,Inproplant Investigação e Propagação de Plantas Lda (Portugal)*pt,active,company,,Inproplant Investigação e Propagação de Plantas Lda (Portugal)*pt; Inproplant Research and Plant Propagation*en,,,,,,,,,,0000 0004 6417 8676,0000 0004 6417 8676,,,Coimbra,Portugal,2740637,,"Active, website not loading"
,https://ror.org/00p4dhj06,Centro de Investigação em Património Educação e Cultura*pt,active,education,Instituto Politécnico de Castelo Branco Centro de Investigação em Património Educação e Cultura*pt,Centro de Investigação em Património Educação e Cultura*pt,CIPEC*pt,,,,,,,,,0000 0005 1091 4786,0000 0005 1091 4786,,,Castelo Branco,Portugal,2269513,,"Active, website not loading"
,https://ror.org/015h41091,Centro de Investigação em Psicologia Aplicada Capacidades e Inclusão*pt,active,education,Instituto Universitário de Ciências Psicológicas Sociais e da Vida Centro de Investigação em Psicologia Aplicada Capacidades e Inclusão*pt,Centro de Investigação em Psicologia Aplicada Capacidades e Inclusão*pt,,https://www.appsyci.pt,,appsyci.pt,,,,,,0000 0005 1091 5113,0000 0005 1091 5113,,,Lisboa,Portugal,2267057,https://ror.org/019yg0716,
,https://ror.org/059g9qt93,Inteli Lisboa*pt,active,other,,Inteli Lisboa*pt,,,,,,,,,,0000 0004 0393 2639,0000 0004 0393 2639,,,Lisboa,Portugal,2267057,,"Active, website not loading"
,https://ror.org/04wtw4176,Interpropo Sociedade de Propaganda Internacional de Produtos Portugueses (Portugal)*pt,active,company,,Interpropo Sociedade de Propaganda Internacional de Produtos Portugueses (Portugal)*pt; Interpropo International Advertisement of Portuguese Products Sole Trader Company*en,,,,,,,,,,0000 0004 1778 0744,0000 0004 1778 0744,,,Cascais,Portugal,2269594,,"Active, no website found"
,https://ror.org/03javpk94,Jaba Recordati (Portugal)*pt,active,company,,Jaba Recordati (Portugal)*pt,,https://www.jaba-recordati.pt,,jaba-recordati.pt,,,,,,0000 0004 0621 9097,0000 0004 0621 9097,,,Porto Salvo,Portugal,2264403,,
,https://ror.org/02f52gk36,Laboratório Colaborativo em Conhecimento e Tecnologia para uma Saúde Melhor*pt,active,other,4LifeLAB*en,Laboratório Colaborativo em Conhecimento e Tecnologia para uma Saúde Melhor*pt,,https://4lifelab.eu,,4lifelab.eu,,,,,,0000 0005 0839 7409,0000 0005 0839 7409,,,Porto,Portugal,2735943,,
,https://ror.org/01yjw7g33,Laboratório de Águas do Litoral Alentejano (Portugal)*pt,active,company,,Laboratório de Águas do Litoral Alentejano (Portugal)*pt; Water Laboratory of the Alentejo Coast *en,Lala*pt,,,,,,,,,0000 0004 0595 9149,0000 0004 0595 9149,,,Sines,Portugal,2262917,https://ror.org/03jpkw355,"Active, no website found"
,https://ror.org/02qfrj807,Laboratório de Arquitectura Centro de Estudos*pt,active,education,,Laboratório de Arquitectura Centro de Estudos*pt,LABART*pt,,,,,,,,,0000 0004 5895 6881,0000 0004 5895 6881,,,Lisboa,Portugal,2267057,,"Active, website has SSL error"
,https://ror.org/01551xr79,Laboratório Regional de Engenharia Civil*pt,active,government,,Laboratório Regional de Engenharia Civil*pt,LREC*pt,https://www.lrec.pt,,lrec.pt,,,,,,0000 0004 6418 3766,0000 0004 6418 3766,,,Ponta Delgada,Portugal,6941014,,
,https://ror.org/05kcrey59,Language Space School*en,active,education,,Language Space School*en,,https://www.clifts-langs.com,,clifts-langs.com,,,,,,0000 0004 5897 4983,0000 0004 5897 4983,,,Sesimbra,Portugal,2262957,,
,https://ror.org/00y499f26,LC Technologies (Portugal)*pt,active,company,,LC Technologies (Portugal)*pt,,https://www.cupidotech.com,,cupidotech.com,,,,,,0000 0004 6418 3918,0000 0004 6418 3918,,,Aveiro,Portugal,2742611,,
,https://ror.org/00y05t035,Liga para a Protecção da Natureza*pt,active,other,,Liga para a Protecção da Natureza*pt,LPN*pt,https://www.lpn.pt,,lpn.pt,,,,,,0000 0005 0631 5465,0000 0005 0631 5465,Q10318268,Q10318268,Lisboa,Portugal,2267057,,
,https://ror.org/00bb27p14,Livraria Lello (Portugal)*pt,active,company,,Livraria Lello (Portugal)*pt,,https://livrarialello.pt,,livrarialello.pt,,,,,,0000 0004 1755 4675,0000 0004 1755 4675,,,Porto,Portugal,2735943,,
,https://ror.org/00grvd431,Livromedica Comércio de Livros Técnicos (Portugal)*pt,active,company,,Livromedica Comércio de Livros Técnicos (Portugal)*pt; Livromedica Trade of Technical Books *en,,https://livromedica.pt,,livromedica.pt,,,,,,0000 0004 0477 0993,0000 0004 0477 0993,,,Almada,Portugal,2271961,,
,https://ror.org/05rm4kj93,Livros tecnicos (Portugal)*pt,active,company,,Livros tecnicos (Portugal)*pt,,https://www.bisturi.net,,bisturi.net,,,,,,0000 0004 0397 6703,0000 0004 0397 6703,,,Arcozelo,Portugal,2742796,,
,https://ror.org/032bre195,Matera (Portugal)*pt,active,company,,Matera (Portugal)*pt,,,,,,,,,,0000 0004 6418 4005,0000 0004 6418 4005,,,Cantanhede,Portugal,2741547,,"Active, website not loading"
,https://ror.org/04bh77w19,MBA Consultores Interdisciplinares de Gestão Lda (Portugal)*pt,active,company,,MBA Consultores Interdisciplinares de Gestão Lda (Portugal)*pt; MBA Interdisciplinary Management Consultants *en,,https://www.mba.pt,,mba.pt,,,,,,0000 0004 0427 3241,0000 0004 0427 3241,,,Porto,Portugal,2735943,,"Active, website not loading"
,https://ror.org/01hyzhn36,Medavantis (Portugal)*pt,active,company,,Medavantis (Portugal)*pt,,,,,,,,,,0000 0005 0839 3029,0000 0005 0839 3029,,,Lisboa,Portugal,2267057,,"Active, website has SSL error"
,https://ror.org/03s6jbx05,Medfarma Edições Médicas (Portugal)*pt,active,company,,Medfarma Edições Médicas (Portugal)*pt; Medfarma Medical Editions *pt,,,,,,,,,,0000 0004 0468 004X,0000 0004 0468 004X,,,Algés,Portugal,2271985,,"Active, no website found"
,https://ror.org/01z6t2510,Millennium bcp (Portugal)*pt,active,company,,Millennium bcp (Portugal)*pt,,https://www.millenniumbcp.pt,,millenniumbcp.pt,,,,,,0000 0001 0461 0111,0000 0001 0461 0111,,,Porto,Portugal,2735943,,
,https://ror.org/05t5mh490,Miranda & Associados Sociedade de Advogados (Portugal)*pt,active,company,,Miranda & Associados Sociedade de Advogados (Portugal)*pt; Miranda & Associates Law Firm *en,,https://www.mirandalawfirm.com,,mirandalawfirm.com,,,,,,0000 0004 0407 2888,0000 0004 0407 2888,,,Lisboa,Portugal,2267057,,
,https://ror.org/05fw7yh21,Museu José Malhoa*pt,active,other,,Museu José Malhoa*pt,,https://www.museusemonumentos.pt/pt/museus-e-monumentos/museu-jose-malhoa,,,,,,,,0000 0001 2302 8207,0000 0001 2302 8207,Q6292942,Q6292942,Caldas da Rainha,Portugal,2270437,,
,https://ror.org/00cr0q231,Museu Nacional do Teatro e da Dança*pt,active,other,,Museu Nacional do Teatro e da Dança*pt,MNTD*pt,https://www.museusemonumentos.pt/pt/museus-e-monumentos/museu-nacional-do-teatro-e-da-danca,https://pt.wikipedia.org/wiki/Museu_Nacional_do_Teatro_e_da_Dan%C3%A7a,,,,,,,000 0 00 04 9 339 9953,000 0 00 04 9 339 9953,Q6940614,Q6940614,Lisboa,Portugal,2267057,,
,https://ror.org/03d99pa66,Museu Nacional do Traje*pt,active,other,,Museu Nacional do Traje*pt,,https://www.museusemonumentos.pt/pt/museus-e-monumentos/museu-nacional-do-traje,,,,,,,,0000 0001 2108 4942,0000 0001 2108 4942,Q9047155,Q9047155,Lisboa,Portugal,2267057,,
,https://ror.org/051ctbp80,New Display Soluções Promocionais (Portugal)*pt,active,company,,New Display Soluções Promocionais (Portugal)*pt; New Display Promotional Solutions *en,,https://www.newdisplay.pt,,newdisplay.pt,,,,,,0000 0004 0477 2251,0000 0004 0477 2251,,,Agualva-Cacém,Portugal,2270503,,"Active, website in maintenance"
,https://ror.org/008j2sh91,NMT Tecnologia Inovação e Consultoria SA (Portugal)*pt,active,company,,NMT Tecnologia Inovação e Consultoria SA (Portugal)*pt; NMT Technology Innovation and Consulting *en,,https://www.nmt.pt,,nmt.pt,,,,,,0000 0004 6443 9987,0000 0004 6443 9987,,,Caparica,Portugal,2270229,,"Active, website is just an annoucement of a new website, new website not found"
,https://ror.org/012e81q42,Observatório Europeu Multidisciplinar do Fundo do Mar e Coluna de Água Portugal*pt,active,other,,Observatório Europeu Multidisciplinar do Fundo do Mar e Coluna de Água Portugal*pt,,https://emso.waveweb.pt,,emso.waveweb.pt,,,,,,0000 0005 1090 422X,0000 0005 1090 422X,,,Lisboa,Portugal,2267057,,
,https://ror.org/04m3r0304,Odebrecht (Portugal)*pt,active,company,,Odebrecht (Portugal)*pt,,https://www.odebrecht.com,https://pt.wikipedia.org/wiki/Odebrecht_Portugal,odebrecht.com,,,,,,0000 0004 0468 0218,0000 0004 0468 0218,,,Porto Salvo,Portugal,2264403,,
,https://ror.org/05xdgzx85,Plataforma Portuguesa das Organizações Não-Governamentais para o Desenvolvimento*pt,active,other,,Plataforma Portuguesa das Organizações Não-Governamentais para o Desenvolvimento*pt,,https://www.plataformaongd.pt,,plataformaongd.pt,,,,,,0000 0005 1089 1895,0000 0005 1089 1895,,,Lisboa,Portugal,2267057,,
,https://ror.org/01j10y640,Quadrantes Clínica Médica e Diagnóstico (Portugal)*pt,active,company,,Quadrantes Clínica Médica e Diagnóstico (Portugal)*pt; Quadrantes Medical Clinic and Diagnostics Sole Proprietorship *en,,https://www.clinicamedica.pt/clinica/quadrantes-clinica-medica-e-diagnostico/,,,,,,,,0000 0004 7414 6694,0000 0004 7414 6694,,,Algés,Portugal,2271985,,
,https://ror.org/048nbgd83,Rede de Bibliotecas Municipais de Oeiras*pt,active,archive,,Rede de Bibliotecas Municipais de Oeiras*pt,,https://bibliotecas.oeiras.pt,,bibliotecas.oeiras.pt,,,,,,0000 0005 1089 4893,0000 0005 1089 4893,Q125940053,Q125940053,Oeiras,Portugal,2265464,,
,https://ror.org/0288shp82,Rede Municipal de Bibliotecas de Almada*pt,active,archive,,Rede Municipal de Bibliotecas de Almada*pt,,https://rbma.cm-almada.pt,,rbma.cm-almada.pt,,,,,,0000 0005 0679 2237,0000 0005 0679 2237,,,Almada,Portugal,2271961,,
,https://ror.org/01gdhzm63,"Ministério da Cultura, Juventude e Desporto*pt",active,government,Republica Portuguesa Ministério da Cultura*pt; Ministério da Cultura*pt,"Ministério da Cultura, Juventude e Desporto*pt",MCJD*pt,https://www.culturaportugal.gov.pt,,culturaportugal.gov.pt,,,,,,0000 0001 0676 0412,0000 0001 0676 0412,,,Lisboa,Portugal,2267057,,
,https://ror.org/021n1mh63,Rianda Research Centro de Investigação em Energia Saúde e Ambiente (Portugal)*pt,active,company,,Rianda Research Centro de Investigação em Energia Saúde e Ambiente (Portugal)*pt; Rianda Research Centre for Research in Energy Health and Environment *en,,,,,,,,,,0000 0004 6428 0865,0000 0004 6428 0865,,,Coimbra,Portugal,2740637,,"Active, website not loading"
,https://ror.org/04asa4p95,RISE - Health Research Network*en,active,other,,RISE - Health Research Network*en,,https://rise-la.pt,,rise-la.pt,2021,,,,,0000 0005 0832 0778,0000 0005 0832 0778,,,Porto,Portugal,2735943,,
,https://ror.org/03cyj6q93,Laboratorio Colaborativo Sustainable and Smart Aquaculture*pt,active,other,S2AQUAcoLAB*pt,Laboratorio Colaborativo Sustainable and Smart Aquaculture*pt,,https://s2aquacolab.pt,,s2aquacolab.pt,,,,,,0000 0005 1090 4465,0000 0005 1090 4465,,,Olhão,Portugal,2265447,,
,https://ror.org/032d3vy39,Safelab 42 Formação Profissional (Portugal)*pt,active,company,Safelab Academy*en,Safelab 42 Formação Profissional (Portugal)*pt; Safelab 42 Professional Qualification *en,,https://www.safelabacademy.com,,safelabacademy.com,,,,,,0000 0004 6428 0945,0000 0004 6428 0945,,,Guimarães,Portugal,2738752,,
,https://ror.org/04ewjzr74,Saint Jude Medical Portugal (Portugal)*en,inactive,company,,Saint Jude Medical Portugal (Portugal)*en,,https://www.sjmglobal.com,,sjmglobal.com,,,,,,0000 0004 5997 4862,0000 0004 5997 4862,,,Lisboa,Portugal,2267057,,"Bought by Abbot (https://ror.org/03n9zbw76) in 2017, add as inactive"
,https://ror.org/0296dfd82,Salusplanet (Portugal)*en,active,company,,Salusplanet (Portugal)*en,,,,,,,,,,0000 0004 8033 1917,0000 0004 8033 1917,,,Setubal,Portugal,2262963,,"Active, website not loading"
,https://ror.org/029a5bq08,Insparya (Portugal)*pt,active,company,Saúde Viável*pt,Insparya (Portugal)*pt; Viable Health *en,,https://www.insparya.pt,,insparya.pt,,,,,,0000 0005 0978 9703,0000 0005 0978 9703,,,Porto,Portugal,2735943,,
,https://ror.org/03n19p393,Serviço de Intervenção nos Comportamentos Aditivos e nas Dependências IP*pt,active,government,,Serviço de Intervenção nos Comportamentos Aditivos e nas Dependências IP*pt,SICAD*pt,,,,,,,,,0000 0001 0325 5189,0000 0001 0325 5189,,,Lisboa,Portugal,2267057,,"Active, website not loading"
,https://ror.org/04n1epe32,Shire Pharmaceuticals (Portugal)*en,inactive,company,,Shire Pharmaceuticals (Portugal)*en,,,,,,,,,,0000 0004 0522 6201,0000 0004 0522 6201,,,Lisboa,Portugal,2267057,,"Closed in 2020 https://www.iberinform.pt/empresa/24378163/shire-pharmaceuticals-portugal-lda, bought by Takeda (https://ror.org/01tzqyt58), add as Inactive"
,https://ror.org/0288j6s32,Simposium Digital HealthCare (Portugal)*en,active,company,,Simposium Digital HealthCare (Portugal)*en,,https://www.simposiumdigital.com,,simposiumdigital.com,,,,,,0000 0005 0267 1526,0000 0005 0267 1526,,,Lisboa,Portugal,2267057,,
,https://ror.org/02cvar823,Mais Sindicato*pt,active,other,Sindicato dos Bancários do Sul e Ilhas*pt,Mais Sindicato*pt,SBSI*pt,https://www.mais.pt,,mais.pt,,,,,,0000 0001 2108 5857,0000 0001 2108 5857,,,Lisboa,Portugal,2267057,,Changed names in 2020
,https://ror.org/02zjmca79,Sociedade Hoteleira Seoane (Portugal)*pt,active,company,Olissippo Hotels*en,Sociedade Hoteleira Seoane (Portugal)*pt; Seoane Hotel Society *en,,https://www.olissippohotels.com,,olissippohotels.com,,,,,,0000 0004 0477 138X,0000 0004 0477 138X,,,Lisboa,Portugal,2267057,,
,https://ror.org/03fcd2w52,Sociedade Nacional de Belas-Artes*pt,active,other,,Sociedade Nacional de Belas-Artes*pt,SNBA*pt,https://snba.pt,https://pt.wikipedia.org/wiki/Sociedade_Nacional_de_Belas_Artes,snba.pt,,,,,,0000 0005 0629 1811,0000 0005 0629 1811,Q10372760,Q10372760,Lisboa,Portugal,2267057,,
,https://ror.org/02rdv7g39,Sociedade Portuguesa de Ciências em Animais de Laboratório*pt,active,other,,Sociedade Portuguesa de Ciências em Animais de Laboratório*pt,SPCAL*pt,https://www.spcal.pt,,spcal.pt,,,,,,0000 0005 0629 1993,0000 0005 0629 1993,,,Coimbra,Portugal,2740637,,
,https://ror.org/00hrb5s12,Sociedade Portuguesa de Grupanálise e Psicoterapia Analítica de Grupo*pt,active,other,,Sociedade Portuguesa de Grupanálise e Psicoterapia Analítica de Grupo*pt,SPGPAG*pt,https://grupanalise.pt,,grupanalise.pt,,,,,,0000 0000 8496 400X,0000 0000 8496 400X,,,Lisboa,Portugal,2267057,,
,https://ror.org/03gwkgh70,Sociedade Portuguesa de Medicina Dentária Digital*pt,active,other,,Sociedade Portuguesa de Medicina Dentária Digital*pt,SPMD2*pt,,,,,,,,,0000 0005 0629 2128,0000 0005 0629 2128,,,Coimbra,Portugal,2740637,,"Active, no website found, only has social media presence"
,https://ror.org/057zxgz05,Sociedade Portuguesa para o Estudo da Criança Abusada e Negligenciada*pt,active,other,,Sociedade Portuguesa para o Estudo da Criança Abusada e Negligenciada*pt,SPECAN*pt,https://isociologia.up.pt/specan-sociedade-portuguesa-para-o-estudo-da-crianca-abusada-e-negligenciada,,,,,,,,0000 0005 1090 3702,0000 0005 1090 3702,,,Porto,Portugal,2735943,,
,https://ror.org/006hw0e16,Trivalor SGPS (Portugal)*pt,active,company,,Trivalor SGPS (Portugal)*pt,,https://www3.trivalor.pt/trivalor-sgps/,,,,,,,,0000 0004 6418 9295,0000 0004 6418 9295,,,Lisboa,Portugal,2267057,,
,https://ror.org/05x56yr26,Unidade de Cuidados Paliativos de Vila Pouca de Aguiar*pt,active,healthcare,,Unidade de Cuidados Paliativos de Vila Pouca de Aguiar*pt,,https://www.arsnorte.min-saude.pt/cuidados-paliativos/unidades-de-cuidados-paliativos/unidade-de-cuidados-paliativos-centro-hospitalar-de-tras-os-montes-e-alto-douro-e-p-e/,,,,,,,,0000 0005 1090 1256,0000 0005 1090 1256,,,Vila Pouca de Aguiar,Portugal,2732517,,
,https://ror.org/00s24jw12,Unidade Hospitalar da Póvoa de Varzim*pt,active,healthcare,,Unidade Hospitalar da Póvoa de Varzim*pt,,https://www.chpvvc.min-saude.pt,,chpvvc.min-saude.pt,,,,,,0000 0004 5938 4491,0000 0004 5938 4491,Q124751046,Q124751046,Póvoa de Varzim,Portugal,2735787,,
,https://ror.org/05xqdbr39,Unidade Hospitalar de Amarante*pt,active,healthcare,ULS Tâmega e Sousa*pt,Unidade Hospitalar de Amarante*pt,,https://www.chts.min-saude.pt,,chts.min-saude.pt,,,,,,0000 0004 5914 288X,0000 0004 5914 288X,,,Amarante,Portugal,2742965,,
,https://ror.org/0432jqg48,Unidade Hospitalar de Chaves*pt,active,healthcare,,Unidade Hospitalar de Chaves*pt,,https://www.chtmad.min-saude.pt/consultas/ce-chaves/,,,,,,,,0000 0004 0631 1635,0000 0004 0631 1635,,,Chaves,Portugal,2740761,,
,https://ror.org/027w7k187,Unidade Hospitalar de Famalicão*pt,active,healthcare,ULS Medio Ave*pt,Unidade Hospitalar de Famalicão*pt,,https://www.ulsmave.min-saude.pt,,ulsmave.min-saude.pt,,,,,,0000 0004 5914 3081,0000 0004 5914 3081,Q124773935,Q124773935,Vila Nova de Famalicão,Portugal,2732547,,
,https://ror.org/02xbxe736,Unidade Hospitalar de Lamego*pt,active,healthcare,,Unidade Hospitalar de Lamego*pt,,https://www.chtmad.min-saude.pt/consultas/ce-lamego/,,,,,,,,0000 0004 0631 4561,0000 0004 0631 4561,,,Lamego,Portugal,2738459,,
,https://ror.org/01hf1b360,Unidade Hospitalar de Mirandela*pt,active,healthcare,,Unidade Hospitalar de Mirandela*pt,,https://www.cm-mirandela.pt/pages/870?poi_id=122,,,,,,,,0000 0004 5914 3516,0000 0004 5914 3516,Q124847273,Q124847273,Mirandela,Portugal,2737639,,
,https://ror.org/01yv6t270,Unidade Hospitalar de Portimão*pt,active,healthcare,,Unidade Hospitalar de Portimão*pt,,https://www.chualgarve.min-saude.pt/como-chegar/hospital-de-portimao/,,,,,,,,0000 0004 5914 3030,0000 0004 5914 3030,,,Portimao,Portugal,2264456,,
,https://ror.org/03qx44y49,Unidade Hospitalar de Santo Tirso*pt,active,healthcare,,Unidade Hospitalar de Santo Tirso*pt,,https://www.ulsmave.min-saude.pt/unidade-de-santo-tirso/,,,,,,,,0000 0004 5914 3073,0000 0004 5914 3073,Q124773605,Q124773605,Santo Tirso,Portugal,2734570,,
,https://ror.org/00bz9sk84,Unidade Local de Saúde da Arrábida*pt,active,healthcare,,Unidade Local de Saúde da Arrábida*pt,ULSA*pt,https://www.chs.min-saude.pt,,chs.min-saude.pt,,,,,,0000 0005 1445 3251,0000 0005 1445 3251,Q124819667,Q124819667,Setubal,Portugal,2262963,,
,https://ror.org/051nhwc34,Unidade Local de Saúde da Póvoa de Varzim/Vila do Conde*pt,active,healthcare,,Unidade Local de Saúde da Póvoa de Varzim/Vila do Conde*pt,ULSPVVC*pt,https://www.ulsrl.min-saude.pt,,ulsrl.min-saude.pt,,,,,,0000 0005 1445 0659,0000 0005 1445 0659,Q124767856,Q124767856,Vila do Conde,Portugal,2732649,,
,https://ror.org/029we7x82,Unidade Local de Saúde da Região de Aveiro*pt,active,healthcare,,Unidade Local de Saúde da Região de Aveiro*pt,,https://ulsra.min-saude.pt,,ulsra.min-saude.pt,,,,,,0000 0005 1423 1464,0000 0005 1423 1464,Q50036448,Q50036448,Ovar,Portugal,2736930,,
,https://ror.org/059ewmk29,Unidade Local de Saúde da Região de Leiria*pt,active,healthcare,,Unidade Local de Saúde da Região de Leiria*pt,,https://www.ulsrl.min-saude.pt,,ulsrl.min-saude.pt,,,,,,0000 0005 1445 086X,0000 0005 1445 086X,Q124790013,Q124790013,Leiria,Portugal,2267095,,
,https://ror.org/03ejw6j35,Unidade Local de Saude de Barcelos/Esposende*pt,active,healthcare,,Unidade Local de Saude de Barcelos/Esposende*pt,,https://www.ulsbe.min-saude.pt,,ulsbe.min-saude.pt,,,,,,0000 0005 1444 3045,0000 0005 1444 3045,Q124750577,Q124750577,Barcelos,Portugal,2742416,,
,https://ror.org/03szevt88,Unidade Local de Saúde de Viseu Dão-Lafões*pt,active,healthcare,,Unidade Local de Saúde de Viseu Dão-Lafões*pt,,https://www.chtv.min-saude.pt,,chtv.min-saude.pt,,,,,,0000 0005 1445 7295,0000 0005 1445 7295,Q50036450,Q50036450,Viseu,Portugal,2732264,,
,https://ror.org/05kftaj26,Unidade Local de Saúde do Alentejo Central*pt,active,healthcare,,Unidade Local de Saúde do Alentejo Central*pt,,https://www.ulsac.min-saude.pt,,ulsac.min-saude.pt,,,,,,0000 0005 1445 3286,0000 0005 1445 3286,Q124812362,Q124812362,Evora,Portugal,2268406,,
,https://ror.org/049cs4442,Unidade Local de Saude do Alto Ave *pt,active,healthcare,,Unidade Local de Saude do Alto Ave *pt,,https://www.ulsaave.min-saude.pt,,ulsaave.min-saude.pt,,,,,,0000 0005 1444 3037,0000 0005 1444 3037,,,Guimarães,Portugal,2738752,,
,https://ror.org/03re1b483,Unidade Local de Saúde do Médio Ave*pt,active,healthcare,,Unidade Local de Saúde do Médio Ave*pt,,https://www.ulsmave.min-saude.pt,,ulsmave.min-saude.pt,,,,,,0000 0005 1445 0667,0000 0005 1445 0667,Q124774178,Q124774178,Santo Tirso,Portugal,2734570,,
,https://ror.org/05eqpgf47,Unidade Local de Saúde do Médio Tejo*pt,active,healthcare,,Unidade Local de Saúde do Médio Tejo*pt,,https://www.chmt.min-saude.pt,,chmt.min-saude.pt,,,,,,0000 0005 1445 3243,0000 0005 1445 3243,Q124819348,Q124819348,Tomar,Portugal,2262644,,
,https://ror.org/05x24c339,Unidade Local de Saúde do Norte Alentejano EPE*pt,active,healthcare,,Unidade Local de Saúde do Norte Alentejano EPE*pt,ULSNA*pt,https://www.ulsna.min-saude.pt,,ulsna.min-saude.pt,,,,,,0000 0004 5914 0809,0000 0004 5914 0809,,,Portalegre,Portugal,2264507,,
,https://ror.org/0328djp07,Unidade Local de Saúde do Oeste*pt,active,healthcare,,Unidade Local de Saúde do Oeste*pt,,https://www.choeste.min-saude.pt,,choeste.min-saude.pt,,,,,,0000 0005 1445 3235,0000 0005 1445 3235,Q124812826,Q124812826,Caldas da Rainha,Portugal,2270437,,
,https://ror.org/05h34sh86,Unidade Local de Saúde Gaia/Espinho*pt,active,healthcare,,Unidade Local de Saúde Gaia/Espinho*pt,,https://www.ulsge.min-saude.pt,,ulsge.min-saude.pt,,,,,,0000 0005 1445 0675,0000 0005 1445 0675,,,Vila Nova de Gaia,Portugal,2732544,,
,https://ror.org/0300gbr82,Unilabs (Portugal)*pt,active,company,,Unilabs (Portugal)*pt,,https://www.unilabs.pt,,unilabs.pt,,,,,,0000 0004 7480 3535,0000 0004 7480 3535,,,Porto,Portugal,2735943,,
,https://ror.org/01w6ghb32,Unilever FIMA (Portugal)*pt;,active,company,Unilever Jerónimo Martins*pt,Unilever FIMA (Portugal)*pt;,,https://www.unilever-fima.com,,unilever-fima.com,,,,,,0000 0004 0454 3897,0000 0004 0454 3897,,,Lisboa,Portugal,2267057,,
,https://ror.org/029frk090,Centro de Estudos das Migrações e das Relações Interculturais*pt,active,education,Universidade Aberta Centro de Estudos das Migrações e das Relações Interculturais*pt,Centro de Estudos das Migrações e das Relações Interculturais*pt,CEMRI*pt,https://cemri.uab.pt,,cemri.uab.pt,,,,,,0000 0001 1959 7781,0000 0001 1959 7781,,,Lisboa,Portugal,2267057,https://ror.org/02rv3w387,
,https://ror.org/03k0aef63,Centro de Estudos Globais*pt,active,education,Universidade Aberta Centro de Estudos Globais*pt,Centro de Estudos Globais*pt,CEG*pt,https://ceg.uab.pt,,ceg.uab.pt,,,,,,0000 0005 0832 0807,0000 0005 0832 0807,,,Lisboa,Portugal,2267057,https://ror.org/02rv3w387,
,https://ror.org/009gp5h03,Unidade Móvel de Investigação em Estudos do Local*pt,active,education,Universidade Aberta Unidade Móvel de Investigação em Estudos do Local*pt,Unidade Móvel de Investigação em Estudos do Local*pt,ELO*pt,,,,,,,,,0000 0004 6419 8319,0000 0004 6419 8319,,,Lisboa,Portugal,2267057,https://ror.org/02rv3w387,"Active, Website not loading"
,https://ror.org/05w0yf696,Observatório de Relações Exteriores*pt,active,education,Universidade Autónoma de Lisboa Observatório de Relações Exteriores*pt,Observatório de Relações Exteriores*pt,OBSERVARE*pt,https://observare.autonoma.pt,,observare.autonoma.pt,,,,,,0000 0004 5897 203X,0000 0004 5897 203X,,,Lisboa,Portugal,2267057,https://ror.org/01ryrwk91,
,https://ror.org/04871v221,Centro de Estudos de Gestão e Economia Aplicada*pt,active,education,Universidade Católica Portuguesa Centro de Estudos de Gestão e Economia Aplicada*pt,Centro de Estudos de Gestão e Economia Aplicada*pt,CEGEA*pt,https://ciencia.ucp.pt/pt/organisations/centro-de-estudos-de-gest%C3%A3o-e-economia-aplicada,,,,,,,,0000 0004 5928 1118,0000 0004 5928 1118,,,Porto,Portugal,2735943,https://ror.org/03b9snr86,
,https://ror.org/0497rkw71,Centro de Estudos de Religiões e Culturas Cardeal Höffner*pt,inactive,education,Universidade Católica Portuguesa Centro de Estudos de Religiões e Culturas Cardeal Höffner*pt,Centro de Estudos de Religiões e Culturas Cardeal Höffner*pt,CERC*pt,https://ciencia.ucp.pt/pt/organisations/research-centre-for-theology-and-religious-studies-citer,,,,,,,,0000 0004 5927 9798,0000 0004 5927 9798,,,Lisboa,Portugal,2267057,https://ror.org/03b9snr86,"Add as Inactive, succeeded by (https://ror.org/00zgs5r70)"
,https://ror.org/04rnk9665,Centro de Ética Económica e Empresarial*pt,active,education,Universidade Católica Portuguesa Centro de Ética Económica e Empresarial*pt,Centro de Ética Económica e Empresarial*pt,CEBE*pt,https://www.clsbe.lisboa.ucp.pt/pt-pt/center-ethics-business-and-economics/center-ethics-business-and-economics,,,,,,,,0000 0004 6439 8062,0000 0004 6439 8062,,,Lisboa,Portugal,2267057,https://ror.org/03b9snr86,
,https://ror.org/016z31q49,Centro de Investigação Interdisciplinar em Saúde Centro Regional de Viseu*pt,active,education,Universidade Católica Portuguesa Centro de Investigação Interdisciplinar em Saúde Centro Regional de Viseu*pt,Centro de Investigação Interdisciplinar em Saúde Centro Regional de Viseu*pt; Center for Ethics in Business and Economics*en,,,,,,,,,,0000 0005 1091 1040,0000 0005 1091 1040,,,Viseu,Portugal,2732264,https://ror.org/03b9snr86,
,https://ror.org/05acdb150,Centro de Investigação Interdisciplinar em Saúde Centro Regional do Porto*pt,active,education,Universidade Católica Portuguesa Centro de Investigação Interdisciplinar em Saúde Centro Regional do Porto*pt,Centro de Investigação Interdisciplinar em Saúde Centro Regional do Porto*pt,,,,,,,,,,0000 0005 1091 1008,0000 0005 1091 1008,,,Porto,Portugal,2735943,https://ror.org/03b9snr86,
,https://ror.org/03wcn8b34,Unidade de Investigação em Gestão e Economia*pt,active,education,Universidade Católica Portuguesa Unidade de Investigação em Gestão e Economia*pt,Unidade de Investigação em Gestão e Economia*pt; CATÓLICA-LISBON Research Unit in Business and Economics*en,CUBE*pt,https://clsbe.lisboa.ucp.pt/research/about-cube,,,,,,,,0000 0004 5896 1648,0000 0004 5896 1648,,,Lisboa,Portugal,2267057,https://ror.org/03b9snr86,
,https://ror.org/0525jbb43,Centro de Tecnologia da Linguagem Humana e Bioinformática*pt,active,education,Universidade da Beira Interior Centro de Tecnologia da Linguagem Humana e Bioinformática*pt,Centro de Tecnologia da Linguagem Humana e Bioinformática*pt; Center for Human Language Technology and Bioinformatics*en,HULTIG*pt,https://hultig.ubi.pt,,hultig.ubi.pt,,,,,,0000 0004 6416 4901,0000 0004 6416 4901,,,Covilhã,Portugal,2740313,https://ror.org/03nf36p02,
,https://ror.org/04ycf0k71,Centro de Ciências Matemáticas*pt,active,education,Universidade da Madeira Centro de Ciências Matemáticas*pt,Centro de Ciências Matemáticas*pt,CCM*pt,http://ccm.uma.pt,,ccm.uma.pt,,,,,,0000 0004 5928 1652,0000 0004 5928 1652,,,Funchal,Portugal,2267827,https://ror.org/0442zbe52,
,https://ror.org/01551d523,Centro de Investigação em Estudos Regionais e Locais*pt,active,education,Universidade da Madeira Centro de Investigação em Estudos Regionais e Locais*pt,Centro de Investigação em Estudos Regionais e Locais*pt,CIERL*pt,https://cierl.uma.pt,,cierl.uma.pt,2007,,,,,0000 0004 6413 8957,0000 0004 6413 8957,,,Funchal,Portugal,2267827,https://ror.org/0442zbe52,
,https://ror.org/01tgdcv71,Centro de Química da Madeira*pt,active,education,Universidade da Madeira Centro de Química da Madeira*pt,Centro de Química da Madeira*pt; Madeira Chemistry Research Centre*en,CQM*pt,https://cqm.uma.pt,,cqm.uma.pt,,,,,,0000 0004 4903 245X,0000 0004 4903 245X,,,Funchal,Portugal,2267827,https://ror.org/0442zbe52,
,https://ror.org/01hbpef95,Grupo de Astronomia*pt,active,education,Universidade da Madeira Grupo de Astronomia*pt,Grupo de Astronomia*pt,GAUMa*pt,https://astro.web.uma.pt/Grupo/index.htm,,,,,,,,0000 0004 6471 8118,0000 0004 6471 8118,,,Funchal,Portugal,2267827,https://ror.org/0442zbe52,
,https://ror.org/02c4ps936,ISOPlexis Banco de Germoplasma*pt,active,education,Universidade da Madeira ISOPlexis Banco de Germoplasma*pt,ISOPlexis Banco de Germoplasma*pt,,https://isoplexis.uma.pt/gringlobal/search.aspx,,,,,,,,0000 0004 5928 1628,0000 0004 5928 1628,,,Funchal,Portugal,2267827,https://ror.org/0442zbe52,
,https://ror.org/00wx08c65,Associação para a Formação Profissional e Investigação*pt,active,education,Universidade de Aveiro Associação para a Formação Profissional e Investigação*pt,Associação para a Formação Profissional e Investigação*pt,UNAVE*pt,https://www.unave.pt,,unave.pt,,,,,,0000 0005 1089 1860,0000 0005 1089 1860,,,Aveiro,Portugal,2742611,https://ror.org/00nt41z93,
,https://ror.org/020mkze41,Centro de Estudos e Peritagem em Auditoria e Contabilidade*pt,active,education,Universidade de Aveiro Centro de Estudos e Peritagem em Auditoria e Contabilidade*pt,Centro de Estudos e Peritagem em Auditoria e Contabilidade*pt,CEPAC*pt,,,,,,,,,0000 0004 5928 1679,0000 0004 5928 1679,,,Aveiro,Portugal,2742611,https://ror.org/00nt41z93,"Active, Website not loading/found"
,https://ror.org/02g50ac66,Unidade de Transferência de Tecnologia*pt,inactive,education,Universidade de Aveiro Unidade de Transferência de Tecnologia*pt,Unidade de Transferência de Tecnologia*pt,TEC*pt,,,,,,,,,0000 0005 0633 1465,0000 0005 0633 1465,,,Aveiro,Portugal,2742611,https://ror.org/00nt41z93,"Add as Inactive, according to https://www.ua.pt/pt/uacoopera it was succeeded by UACOOPERA (https://ror.org/0412bhr24)"
,https://ror.org/04d9egb29,Centro de Estudos de Linguística Geral e Aplicada*pt,active,education,Universidade de Coimbra Centro de Estudos de Linguística Geral e Aplicada*pt,Centro de Estudos de Linguística Geral e Aplicada*pt,CELGA*pt,https://celga-iltec.uc.pt,,celga-iltec.uc.pt,,,,,,0000 0004 0393 7915,0000 0004 0393 7915,,,Coimbra,Portugal,2740637,https://ror.org/04z8k9a98,
,https://ror.org/03bm2y510,Universidade de Coimbra Ius Gentium Conimbrigae Centro de Direitos Humanos*pt,active,education,Universidade de Coimbra Ius Gentium Conimbrigae Centro de Direitos Humanos*pt,Universidade de Coimbra Ius Gentium Conimbrigae Centro de Direitos Humanos*pt; Human Rights Centre*en,IGC CDH*pt,https://igc.fd.uc.pt,,igc.fd.uc.pt,,,,,,0000 0004 6418 2827,0000 0004 6418 2827,,,Coimbra,Portugal,2740637,https://ror.org/04z8k9a98,
,https://ror.org/03a78xy24,Universidade de Coimbra Museu da Ciência*pt,active,other,,Universidade de Coimbra Museu da Ciência*pt,,http://www.museudaciencia.pt,,museudaciencia.pt,,,,,,0000 0001 2113 265X,0000 0001 2113 265X,,,Coimbra,Portugal,2740637,https://ror.org/04z8k9a98,
,https://ror.org/00cs0m088,Universidade de Coimbra Unidade de Investigação e Desenvolvimento Química-Física Molecular*pt,active,education,Universidade de Coimbra Unidade de Investigação e Desenvolvimento Química-Física Molecular*pt,Universidade de Coimbra Unidade de Investigação e Desenvolvimento Química-Física Molecular*pt,QFM*pt,https://qfm.uc.pt/index.html/,,,,,,,,0000 0004 5897 2056,0000 0004 5897 2056,,,Coimbra,Portugal,2740637,https://ror.org/04z8k9a98,
,https://ror.org/02dfn9z13,Centro de Investigação em Sociologia e Antropologia Augusto da Silva*pt,active,education,Universidade de Évora Centro de Investigação em Sociologia e Antropologia Augusto da Silva*pt,Centro de Investigação em Sociologia e Antropologia Augusto da Silva*pt,CISA-AS*pt,http://www.cisa-as.uevora.pt,,cisa-as.uevora.pt,,,,,,0000 0004 6413 9001,0000 0004 6413 9001,,,Évora,Portugal,2268406,https://ror.org/02gyps716,
,https://ror.org/044zx7719,Centro de Química de Évora*pt,active,education,Universidade de Évora Centro de Química de Évora*pt,Centro de Química de Évora*pt,CQE*pt,http://www.cqe.uevora.pt,,cqe.uevora.pt,,,,,,0000 0004 4903 2425,0000 0004 4903 2425,,,Évora,Portugal,2268406,https://ror.org/02gyps716,
,https://ror.org/053j74t32,Biblioteca Noronha Feio*pt,active,archive,Universidade de Lisboa Biblioteca Noronha Feio*pt,Biblioteca Noronha Feio*pt,,https://www.fmh.ulisboa.pt/servicos/biblioteca,,,,,,,,0000 0004 7414 6731,0000 0004 7414 6731,,,Cruz Quebrada,Portugal,2268791,https://ror.org/01c27hj86,
,https://ror.org/04nvdxw11,Centro de Estudos Clássicos*pt,active,education,Universidade de Lisboa Centro de Estudos Clássicos*pt,Centro de Estudos Clássicos*pt,,https://centroclassicos.letras.ulisboa.pt,,centroclassicos.letras.ulisboa.pt,,,,,,0000 0001 2206 8573,0000 0001 2206 8573,,,Lisboa,Portugal,2267057,https://ror.org/01c27hj86,
,https://ror.org/04dnsak29,Centro de Estudos Comparatistas*pt,active,education,Universidade de Lisboa Centro de Estudos Comparatistas*pt,Centro de Estudos Comparatistas*pt,CEC*pt,https://cecomp.letras.ulisboa.pt,,cecomp.letras.ulisboa.pt,,,,,,0000 0001 0387 9979,0000 0001 0387 9979,,,Lisboa,Portugal,2267057,https://ror.org/01c27hj86,
,https://ror.org/01mvyk241,Centro de Estudos de Medicina Baseada na Evidência*pt,active,education,Universidade de Lisboa Centro de Estudos de Medicina Baseada na Evidência*pt,Centro de Estudos de Medicina Baseada na Evidência*pt,CEMBE*pt,https://www.medicina.ulisboa.pt/centro-de-estudos-de-medicina-baseada-na-evidencia-cembe,,,,,,,,0000 0004 6410 903X,0000 0004 6410 903X,,,Lisboa,Portugal,2267057,https://ror.org/01c27hj86,
,https://ror.org/05fyyyx53,Centro de Estudos de Teatro*pt,active,education,Universidade de Lisboa Centro de Estudos de Teatro*pt,Centro de Estudos de Teatro*pt,CET*pt; CETEATRO*pt,https://ceteatro.pt,,ceteatro.pt,,,,,,0000 0001 2303 0382,0000 0001 2303 0382,,,Lisboa,Portugal,2267057,https://ror.org/01c27hj86,
,https://ror.org/057et8d07,Centro de Estudos sobre África e do Desenvolvimento*pt,active,education,Universidade de Lisboa Centro de Estudos sobre África e do Desenvolvimento*pt,Centro de Estudos sobre África e do Desenvolvimento*pt,CESA*pt,https://cesa.rc.iseg.ulisboa.pt,,cesa.rc.iseg.ulisboa.pt,,,,,,0000 0004 4678 9174,0000 0004 4678 9174,,,Lisboa,Portugal,2267057,https://ror.org/01c27hj86,
,https://ror.org/00n1yyc49,Centro de Filosofia das Ciências*pt,active,education,Universidade de Lisboa Centro de Filosofia das Ciências*pt,Centro de Filosofia das Ciências*pt,CFCUL*pt,https://cfcul.ciencias.ulisboa.pt,,cfcul.ciencias.ulisboa.pt,,,,,,0000 0000 9830 5793,0000 0000 9830 5793,,,Lisboa,Portugal,2267057,https://ror.org/01c27hj86,
,https://ror.org/03xkvz448,Centro de Investigação de Direito Público*pt,active,education,Universidade de Lisboa Centro de Investigação de Direito Público*pt,Centro de Investigação de Direito Público*pt; Lisbon Public Law Research Centre*en,LPL*pt,https://lisbonpubliclaw.pt,,lisbonpubliclaw.pt,,,,,,0000 0004 5895 0981,0000 0004 5895 0981,,,Lisboa,Portugal,2267057,https://ror.org/01c27hj86,
,https://ror.org/037kpn189,Centro de Investigação e de Estudos em Belas-Artes*pt,active,education,Universidade de Lisboa Centro de Investigação e de Estudos em Belas-Artes*pt,Centro de Investigação e de Estudos em Belas-Artes*pt,CIEBA*pt,https://cieba.belasartes.ulisboa.pt,,cieba.belasartes.ulisboa.pt,,,,,,0000 0004 5897 5767,0000 0004 5897 5767,,,Lisboa,Portugal,2267057,https://ror.org/01c27hj86,
,https://ror.org/05afnvy09,Centro de Linguística*pt,active,education,Universidade de Lisboa Centro de Linguística*pt,Centro de Linguística*pt,CLUL*pt,https://www.clul.ulisboa.pt,,clul.ulisboa.pt,,,,,,0000 0001 2174 850X,0000 0001 2174 850X,,,Lisboa,Portugal,2267057,https://ror.org/01c27hj86,
,https://ror.org/004yecm09,Centro de Literaturas e Culturas Lusófonas e Europeias*pt,active,education,Universidade de Lisboa Centro de Literaturas e Culturas Lusófonas e Europeias*pt,Centro de Literaturas e Culturas Lusófonas e Europeias*pt,CLEPUL*pt,https://clepul.letras.ulisboa.pt,https://pt.wikipedia.org/wiki/Centro_de_Literaturas_e_Culturas_Lus%C3%B3fonas_e_Europeias,clepul.letras.ulisboa.pt,,,,,,0000 0004 5896 0127,0000 0004 5896 0127,,,Lisboa,Portugal,2267057,https://ror.org/01c27hj86,
,https://ror.org/05hqp1023,Centro de Química Estrutural*pt,active,education,Universidade de Lisboa Centro de Química Estrutural*pt,Centro de Química Estrutural*pt,CQE*pt,https://cqe.tecnico.ulisboa.pt,,cqe.tecnico.ulisboa.pt,,,,,,0000 0004 4903 1318,0000 0004 4903 1318,,,Lisboa,Portugal,2267057,https://ror.org/01c27hj86,
,https://ror.org/00ww2r127,Clínica Universitária de Cardiologia*pt,active,education,Universidade de Lisboa Clínica Universitária de Cardiologia*pt,Clínica Universitária de Cardiologia*pt; University Clinic of Cardiology*en,,https://www.medicina.ulisboa.pt/clinica-universitaria-de-cardiologia,,,,,,,,0000 0004 6471 7852,0000 0004 6471 7852,,,Lisboa,Portugal,2267057,https://ror.org/01c27hj86,
,https://ror.org/02r6xw279,Clínica Universitária de Obstetrícia e Ginecologia*pt,active,education,Universidade de Lisboa Clínica Universitária de Obstetrícia e Ginecologia*pt,Clínica Universitária de Obstetrícia e Ginecologia*pt,,https://www.medicina.ulisboa.pt/clinica-universitaria-de-obstetricia-e-ginecologia,,,,,,,,0000 0004 6416 5453,0000 0004 6416 5453,,,Lisboa,Portugal,2267057,https://ror.org/01c27hj86,
,https://ror.org/03gwskq53,Clínica Universitária de Pneumologia*pt,active,education,Universidade de Lisboa Clínica Universitária de Pneumologia*pt,Clínica Universitária de Pneumologia*pt; University Clinic of Pulmonolog*en,,https://www.medicina.ulisboa.pt/clinica-universitaria-de-pneumologia,,,,,,,,0000 0004 6471 8126,0000 0004 6471 8126,,,Lisboa,Portugal,2267057,https://ror.org/01c27hj86,
,https://ror.org/02zbqp516,Grupo de Física Matemática*pt,active,education,Universidade de Lisboa Grupo de Física Matemática*pt,Grupo de Física Matemática*pt; Group of Mathematical Physics*en,GFM*pt,http://gfm.cii.fc.ul.pt,,gfm.cii.fc.ul.pt,,,,,,0000 0004 5897 0448,0000 0004 5897 0448,,,Lisboa,Portugal,2267057,https://ror.org/01c27hj86,
,https://ror.org/03actwe44,Instituto de Histologia e Biologia do Desenvolvimento*pt,active,education,Universidade de Lisboa Instituto de Histologia e Biologia do Desenvolvimento*pt,Instituto de Histologia e Biologia do Desenvolvimento*pt,,https://www.medicina.ulisboa.pt/instituto-de-histologia-e-biologia-do-desenvolvimento,,,,,,,,0000 0004 0486 7250,0000 0004 0486 7250,,,Lisboa,Portugal,2267057,https://ror.org/01c27hj86,
,https://ror.org/028mw1j46,Universidade de Lisboa Instituto do Oriente*pt,active,education,Universidade de Lisboa Instituto do Oriente*pt,Universidade de Lisboa Instituto do Oriente*pt,ISCSP*pt,https://ioriente.iscsp.ulisboa.pt/index.php/pt/,,,1989,,,,,0000 0001 2116 8724,0000 0001 2116 8724,,,Lisboa,Portugal,2267057,https://ror.org/01c27hj86,
,https://ror.org/05y50ps96,Laboratório de Ergonomia*pt,active,education,Universidade de Lisboa Laboratório de Ergonomia*pt,Laboratório de Ergonomia*pt,ERGOLAB*pt,https://ergolab.fmh.ulisboa.pt,,ergolab.fmh.ulisboa.pt,,,,,,0000 0004 6471 8089,0000 0004 6471 8089,,,Oeiras,Portugal,2265464,https://ror.org/01c27hj86,
,https://ror.org/04nhye957,Laboratório de Farmacologia Clínica e Terapêutica*pt,active,education,Universidade de Lisboa Laboratório de Farmacologia Clínica e Terapêutica*pt,Laboratório de Farmacologia Clínica e Terapêutica*pt,,https://www.medicina.ulisboa.pt/laboratorio-de-farmacologia-clinica-e-terapeutica,,,,,,,,0000 0004 6418 1998,0000 0004 6418 1998,,,Lisboa,Portugal,2267057,https://ror.org/01c27hj86,
,https://ror.org/02y82bt96,Laboratório de Genética*pt,active,education,Universidade de Lisboa Laboratório de Genética*pt,Laboratório de Genética*pt,,https://www.medicina.ulisboa.pt/laboratorio-de-genetica,,,,,,,,0000 0004 6418 200X,0000 0004 6418 200X,,,Lisboa,Portugal,2267057,https://ror.org/01c27hj86,
,https://ror.org/00zxx1774,Laboratório de Instrumentação Engenharia Biomédica e Física da Radiação*pt,active,education,Universidade de Lisboa Laboratório de Instrumentação Engenharia Biomédica e Física da Radiação*pt,"Laboratório de Instrumentação Engenharia Biomédica e Física da Radiação*pt; Laboratory for Instrumentation, Biomedical Engineering and Radiation Physics*en",LIBPHYS*pt,https://libphys.pt,,libphys.pt,,,,,,0000 0004 6471 8046,0000 0004 6471 8046,,,Lisboa,Portugal,2267057,https://ror.org/01c27hj86,
,https://ror.org/006p6tf90,Laboratório de Medidas Eléctricas*pt,active,education,Universidade de Lisboa Laboratório de Medidas Eléctricas*pt,Laboratório de Medidas Eléctricas*pt,,https://www.dee.isep.ipp.pt/index.php?page=LabI308,,,,,,,,0000 0004 7664 2181,0000 0004 7664 2181,,,Lisboa,Portugal,2267057,https://ror.org/01c27hj86,
,https://ror.org/0198g6d77,Laboratório de Métodos Matemáticos*pt,active,education,Universidade de Lisboa Laboratório de Métodos Matemáticos*pt,Laboratório de Métodos Matemáticos*pt,,https://labmm.fmh.ulisboa.pt,,labmm.fmh.ulisboa.pt,,,,,,0000 0004 6471 8097,0000 0004 6471 8097,,,Oeiras,Portugal,2265464,https://ror.org/01c27hj86,
,https://ror.org/032v56e13,Laboratório de Microbiologia*pt,active,education,Universidade de Lisboa Laboratório de Microbiologia*pt,Laboratório de Microbiologia*pt,,https://fenix.ciencias.ulisboa.pt/courses/lm-i-2-1973404328526072,,,,,,,,0000 0004 7713 9238,0000 0004 7713 9238,,,Lisboa,Portugal,2267057,https://ror.org/01c27hj86,
,https://ror.org/00h4pdn80,Teoria e História do Direito*pt,active,education,Universidade de Lisboa Teoria e História do Direito*pt,Teoria e História do Direito*pt,THD*pt,https://www.iuris.edu.pt/pt/publicacoes/teoria-e-historia-do-direito/142/,,,,,,,,0000 0004 5897 2128,0000 0004 5897 2128,,,Lisboa,Portugal,2267057,https://ror.org/01c27hj86,
,https://ror.org/00ap6k638,Unidade Tecnológica de Radioesterilização*pt,active,education,Universidade de Lisboa Unidade Tecnológica de Radioesterilização*pt,Unidade Tecnológica de Radioesterilização*pt; Technological Unit for Radiosterilization*en,UTR*pt,http://utr.ctn.tecnico.ulisboa.pt,,utr.ctn.tecnico.ulisboa.pt,,,,,,0000 0004 5927 9763,0000 0004 5927 9763,,,Bobadela,Portugal,8013554,https://ror.org/01c27hj86,
,https://ror.org/021n2yg11,Centro de Ciência Animal e Veterinária*pt,active,education,Universidade de Trás-os-Montes e Alto Douro Centro de Ciência Animal e Veterinária*pt,Centro de Ciência Animal e Veterinária*pt; Animal and Veterinary Research Centre*en,CECAV*pt,https://cecav.pt,,cecav.pt,,,,,,0000 0004 5896 3264,0000 0004 5896 3264,,,Vila Real,Portugal,2732438,https://ror.org/03qc8vh97,
,https://ror.org/03f99ad09,Centro de Investigacao em Quimica do Algarve*pt,active,education,Universidade do Algarve Centro de Investigacao em Quimica do Algarve*pt,Centro de Investigacao em Quimica do Algarve*pt; Algarve Chemistry Research Centre*en,CIQA*pt,https://ciqaualg.wordpress.com,,ciqaualg.wordpress.com,,,,,,0000 0004 8033 6267,0000 0004 8033 6267,,,Faro,Portugal,2268337,https://ror.org/014g34x36,
,https://ror.org/03ppr9618,Centro de Estudos em Direito da União Europeia*pt,active,education,Universidade do Minho Centro de Estudos em Direito da União Europeia*pt,Centro de Estudos em Direito da União Europeia*pt,CEDU*pt,"http://www.cedu.direito.uminho.pt/#:~:text=Centro%20de%20Estudos%20em%20Direito%20da%20Uni%C3%A3o%20Europeia%20%2D%20Universidade%20do%20Minho&text=O%20Centro%20de%20Estudos%20em,iniciativas%20editoriais%2C%20incluindo%20publica%C3%A7%C3%B5es%20peri%C3%B3dicas.",,cedu.direito.uminho.pt,,,,,,0000 0004 5928 1919,0000 0004 5928 1919,,,Braga,Portugal,2742032,https://ror.org/037wpkx04,
,https://ror.org/02yqx2d54,Centro de Estudos Humanísticos*pt,active,education,Universidade do Minho Centro de Estudos Humanísticos*pt,Centro de Estudos Humanísticos*pt,CEHUM*pt,https://cehum.elach.uminho.pt,,cehum.elach.uminho.pt,,,,,,0000 0001 2174 1682,0000 0001 2174 1682,,,Braga,Portugal,2742032,https://ror.org/037wpkx04,
,https://ror.org/02bwcre44,Centro de Investigação em Educação*pt,active,education,Universidade do Minho Centro de Investigação em Educação*pt,Centro de Investigação em Educação*pt,CIED*pt,https://cied.uminho.pt,,cied.uminho.pt,,,,,,0000 0004 0393 778X,0000 0004 0393 778X,,,Braga,Portugal,2742032,https://ror.org/037wpkx04,
,https://ror.org/043zrmk48,Centro de Investigação em Enfermagem*pt,active,education,Universidade do Minho Centro de Investigação em Enfermagem*pt,Centro de Investigação em Enfermagem*pt; Center for Research in Nursing*en,CIENF*pt,https://www.ese.uminho.pt/pt/Investigar/Paginas/cienf.aspx,,,,,,,,0000 0005 0986 8276,0000 0005 0986 8276,,,Braga,Portugal,2742032,https://ror.org/037wpkx04,
,https://ror.org/03116sx88,Centro IDEA*pt,active,education,Universidade do Minho Centro IDEA*pt,Centro IDEA*pt,,https://idea.uminho.pt,,idea.uminho.pt,,,,,,0000 0005 0840 3477,0000 0005 0840 3477,,,Braga,Portugal,2742032,https://ror.org/037wpkx04,
,https://ror.org/02ygkva69,Labbels*pt,active,education,Universidade do Minho Labbels*pt,Labbels*pt,,http://www.labbels.uminho.pt,,labbels.uminho.pt,,,,,,0000 0004 5897 2267,0000 0004 5897 2267,,,Braga,Portugal,2742032,https://ror.org/037wpkx04,
,https://ror.org/04w01dm88,Laboratório de Paisagens Património e Território*pt,active,education,Universidade do Minho Laboratório de Paisagens Património e Território*pt,"Laboratório de Paisagens Património e Território*pt; andscapes, Heritage and Territory Laboratory*en",LAB2PT*pt,https://lab2pt.net,,lab2pt.net,,,,,,0000 0004 5897 1299,0000 0004 5897 1299,,,Guimarães,Portugal,2738752,https://ror.org/037wpkx04,
,https://ror.org/019d5sd14,Centro de Investigação Interdisciplinar em Justiça*pt,active,education,Universidade do Porto Centro de Investigação Jurídico-Económica*pt,Centro de Investigação Interdisciplinar em Justiça*pt,CIJE*pt; CIJ*pt,https://cij.up.pt,,cij.up.pt,,,,,,0000 0000 9715 2270,0000 0000 9715 2270,,,Porto,Portugal,2735943,https://ror.org/043pwc612,Changed names
,https://ror.org/02a26ft70,Laboratório de Aprendizagem e Controlo Motor*pt,active,education,Universidade do Porto Laboratório de Aprendizagem e Controlo Motor*pt,Laboratório de Aprendizagem e Controlo Motor*pt,LACM*pt,https://lacm.fade.up.pt,,lacm.fade.up.pt,,,,,,0000 0004 6471 7967,0000 0004 6471 7967,,,Porto,Portugal,2735943,https://ror.org/043pwc612,
,https://ror.org/04v812296,Observatório Astronómico Prof Manuel de Barros*pt,active,education,Universidade do Porto Observatório Astronómico Prof Manuel de Barros*pt,Observatório Astronómico Prof Manuel de Barros*pt,OAUP*pt,https://oa.fc.up.pt,,oa.fc.up.pt,,,,,,0000 0004 0511 4242,0000 0004 0511 4242,,,Vila Nova de Gaia,Portugal,2732544,https://ror.org/043pwc612,
,https://ror.org/013ge8k52,Centro de Biotecnologia dos Açores*pt,active,education,Universidade dos Açores Centro de Biotecnologia dos Açores*pt,Centro de Biotecnologia dos Açores*pt; Biotechnology Centre of Azores*en,CBA*pt,https://cba.uac.pt,,cba.uac.pt,,,,,,0000 0004 6427 8909,0000 0004 6427 8909,,,Angra do Heroísmo,Portugal,3373348,https://ror.org/04276xd64,
,https://ror.org/03cet5v54,Instituto de Investigação e Tecnologia da Agronomia e Meio Ambiente*pt,active,education,Universidade dos Açores Instituto de Investigação e Tecnologia da Agronomia e Meio Ambiente*pt; Instituto de Investigação e Tecnologia Agrárias e do Ambiente*pt,Instituto de Investigação e Tecnologia da Agronomia e Meio Ambiente*pt,IITAA*pt,https://iitaa.uac.pt,,iitaa.uac.pt,,,,,,0000 0004 5895 6021,0000 0004 5895 6021,,,Ponta Delgada,Portugal,6941014,https://ror.org/04276xd64,
,https://ror.org/05y26d095,Centro de Investigação em Ciências Sociais e do Comportamento*pt,active,education,Universidade Fernando Pessoa Centro de Investigação em Ciências Sociais e do Comportamento*pt,Centro de Investigação em Ciências Sociais e do Comportamento*pt,,http://fp-b2s.ufp.pt,,fp-b2s.ufp.pt,,,,,,0000 0005 1091 4727,0000 0005 1091 4727,,,Porto,Portugal,2735943,https://ror.org/04h8e7606,
,https://ror.org/03k4rde50,Unidade de Investigacao UFP em Energia Ambiente e Saude*pt,active,education,Universidade Fernando Pessoa Unidade de Investigacao UFP em Energia Ambiente e Saude*pt,"Unidade de Investigacao UFP em Energia Ambiente e Saude*pt; Fernando Pessoa Energy, Environment and Health Research Unit*en",ENAS*pt,http://fp-enas.ufp.pt,,fp-enas.ufp.pt,,,,,,0000 0004 5897 2283,0000 0004 5897 2283,,,Porto,Portugal,2735943,https://ror.org/04h8e7606,
,https://ror.org/05gcc7w19,Universidade Fernando Pessoa Universidade Virtual*pt,active,education,,Universidade Fernando Pessoa Universidade Virtual*pt,UV*pt,http://www.ufpuv.com,,ufpuv.com,,,,,,0000 0004 8033 6259,0000 0004 8033 6259,,,Porto,Portugal,2735943,https://ror.org/04h8e7606,
,https://ror.org/049dv9r08,Centro de Estudos Jurídicos Económicos e Ambientais*pt,active,education,Universidade Lusíada de Lisboa Centro de Estudos Jurídicos Económicos e Ambientais*pt,Centro de Estudos Jurídicos Económicos e Ambientais*pt,CEJEA*pt,https://cejeia.ulusiada.pt,,cejeia.ulusiada.pt,,,,,,0000 0004 6471 8070,0000 0004 6471 8070,,,Lisboa,Portugal,2267057,https://ror.org/00zjprf31,
,https://ror.org/02hw9fh16,Centro de Investigação em Organizações Mercados e Gestão Industrial*pt,active,education,Universidade Lusíada de Lisboa Centro de Investigação em Organizações Mercados e Gestão Industrial*pt,Centro de Investigação em Organizações Mercados e Gestão Industrial*pt,,https://comegi.ulusiada.pt,,comegi.ulusiada.pt,,,,,,0000 0005 1340 6445,0000 0005 1340 6445,,,Lisboa,Portugal,2267057,https://ror.org/00zjprf31,
,https://ror.org/01h7r2364,Centro de Investigação em Território Arquitectura e Design*pt,active,education,Universidade Lusíada de Lisboa Centro de Investigação em Território Arquitectura e Design*pt,Centro de Investigação em Território Arquitectura e Design*pt,CITAD*pt,https://citad.ulusiada.pt,,citad.ulusiada.pt,,,,,,0000 0004 5895 9150,0000 0004 5895 9150,,,Lisboa,Portugal,2267057,https://ror.org/00zjprf31,
,https://ror.org/03gwvad41,Instituto Superior de Serviço Social*pt,active,education,Universidade Lusíada de Lisboa Instituto Superior de Serviço Social*pt,Instituto Superior de Serviço Social*pt,ISSSL*pt,,,,,,,,,0000 0000 9647 717X,0000 0000 9647 717X,,,Lisboa,Portugal,2267057,https://ror.org/00zjprf31,Wrong website given (www.lis.ulusiada.pt)
,https://ror.org/05gd28g81,Centro de Investigação em Política Economia e Sociedade*pt,active,education,Universidade Lusófona Centro de Investigação em Política Economia e Sociedade*pt; LusoGlobe*pt,Centro de Investigação em Política Economia e Sociedade*pt; Lusofona Centre on GLobal Challenges*en,CIPES*pt,https://lusoglobe.ulusofona.pt,,lusoglobe.ulusofona.pt,,,,,,0000 0004 6412 5806,0000 0004 6412 5806,,,Lisboa,Portugal,2267057,https://ror.org/05xxfer42,
,https://ror.org/04shvqs44,Centro Interdisciplinar de Desenvolvimento e Investigação em Ambiente Gestão Aplicada e Espaço*pt,active,education,Universidade Lusófona de Humanidades e Tecnologias Centro Interdisciplinar de Desenvolvimento e Investigação em Ambiente Gestão Aplicada e Espaço*pt,Centro Interdisciplinar de Desenvolvimento e Investigação em Ambiente Gestão Aplicada e Espaço*pt,DREAMS*pt,http://aero.ulusofona.pt/sobre-o-departamento/investigacao-dreams/,,,,,,,,0000 0004 6443 9725,0000 0004 6443 9725,,,Lisboa,Portugal,2267057,https://ror.org/02cpgaz56,
,https://ror.org/02nmqyx36,Edições Universitárias Lusófonas*pt,active,education,Universidade Lusófona de Humanidades e Tecnologias Edições Universitárias Lusófonas*pt,Edições Universitárias Lusófonas*pt,,https://edicoes.ulusofona.pt,,edicoes.ulusofona.pt,,,,,,0000 0004 8515 1384,0000 0004 8515 1384,,,Lisboa,Portugal,2267057,https://ror.org/02cpgaz56,
,https://ror.org/029c7fh08,Laboratório de Instrumentação Engenharia Biomédica e Física da Radiação*pt,active,education,Universidade Nova de Lisboa Laboratório de Instrumentação Engenharia Biomédica e Física da Radiação*pt,"Laboratório de Instrumentação Engenharia Biomédica e Física da Radiação*pt; Laboratory for Instrumentation, Biomedical Engineering and Radiation Physics*en",LIBPHYS*en,https://libphys.pt,,libphys.pt,,,,,,0000 0004 5897 1256,0000 0004 5897 1256,,,Coimbra,Portugal,2740637,https://ror.org/02xankh89,
,https://ror.org/039gvet66,Universidade Nova de Lisboa Biblioteca e Serviços de Documentação*pt,active,archive,,Universidade Nova de Lisboa Biblioteca e Serviços de Documentação*pt,,https://www.novaims.unl.pt/pt/servicos-e-comunidade/biblioteca-e-servicos-de-documentacao/,,,,,,,,0000 0005 1090 1248,0000 0005 1090 1248,,,Lisboa,Portugal,2267057,https://ror.org/02xankh89,
,https://ror.org/03pntgn87,Universidade Nova de Lisboa Bibliotecas*pt,active,archive,,Universidade Nova de Lisboa Bibliotecas*pt,,https://www.fcsh.unl.pt/faculdade/bibliotecas/,,,,,,,,0000 0004 7420 7901,0000 0004 7420 7901,,,Lisboa,Portugal,2267057,https://ror.org/02xankh89,
,https://ror.org/02y9krv25,Centro de Investigacao e Desenvolvimento sobre Direito e Sociedade*pt,active,education,Universidade Nova de Lisboa Centro de Investigacao e Desenvolvimento sobre Direito e Sociedade*pt,Centro de Investigacao e Desenvolvimento sobre Direito e Sociedade*pt,CEDIS*pt,https://cedis.novalaw.unl.pt,,cedis.novalaw.unl.pt,,,,,,0000 0004 5896 1656,0000 0004 5896 1656,,,Lisboa,Portugal,2267057,https://ror.org/02xankh89,
,https://ror.org/012bp0978,Comprehensive Health Research Centre*en,active,education,Universidade Nova de Lisboa Comprehensive Health Research Centre*en,Comprehensive Health Research Centre*en,CHRC*en,https://www.chrc.pt,,chrc.pt,,,,,,0000 0004 9340 3529,0000 0004 9340 3529,,,Lisboa,Portugal,2267057,https://ror.org/02xankh89,
,https://ror.org/0501adx40,Unidade de Biotecnologia Ambiental*pt,active,education,Universidade Nova de Lisboa Unidade de Biotecnologia Ambiental*pt,Unidade de Biotecnologia Ambiental*pt,,https://novaresearch.unl.pt/en/organisations/ubia-unidade-de-biotecnologia-ambiental/persons/,,,,,,,,0000 0001 0257 6626,0000 0001 0257 6626,,,Caparica,Portugal,2270229,https://ror.org/02xankh89,
,https://ror.org/05fa8tk41,Centro de Estudos de Direito do Ordenamento do Urbanismo e do Ambiente*pt,active,education,University of Coimbra Centro de Estudos de Direito do Ordenamento do Urbanismo e do Ambiente*pt,Centro de Estudos de Direito do Ordenamento do Urbanismo e do Ambiente*pt,CEDOUA*pt,https://cedoua.fd.uc.pt,,cedoua.fd.uc.pt,,,,,,0000 0001 2177 082X,0000 0001 2177 082X,,,Coimbra,Portugal,2740637,https://ror.org/04z8k9a98,
,https://ror.org/02pdrss67,UPTEC Associação de Transferência de Tecnologia da Asprela*pt,active,other,,UPTEC Associação de Transferência de Tecnologia da Asprela*pt,,https://uptec.up.pt,,uptec.up.pt,,,,,,0000 0004 6793 0405,0000 0004 6793 0405,,,Porto,Portugal,2735943,,
,https://ror.org/01chde460,US Air Forces Europe Libraries Lajes Library*pt,active,archive,,US Air Forces Europe Libraries Lajes Library*pt,,https://www.dodmwrlibraries.org,,dodmwrlibraries.org,,,,,,0000 0004 0495 2674,0000 0004 0495 2674,,,Lajes,Portugal,3372953,,
,https://ror.org/05nc04d72,Varzim Sport Club (Portugal)*en,active,company,,Varzim Sport Club (Portugal)*en,,https://varzim.pt,https://pt.wikipedia.org/wiki/Varzim_Sport_Club,varzim.pt,,,,,,0000 0005 0267 8023,0000 0005 0267 8023,,,Povoa de Varzim,Portugal,2735787,,
,https://ror.org/02r1e4k30,Via Hominis*pt,active,other,Humanitude*pt,Via Hominis*pt,,https://www.humanitude.pt,,humanitude.pt,,,,,,0000 0004 6419 000X,0000 0004 6419 000X,,,Alcobaça,Portugal,2272147,,
,https://ror.org/03sxh6j79,Vila Galé (Portugal)*pt,active,company,,Vila Galé (Portugal)*pt; Vila Gale Hotels *en,,https://www.vilagale.com,,vilagale.com,,,,,,0000 0000 9308 1460,0000 0000 9308 1460,,,Lisboa,Portugal,2267057,,
,https://ror.org/02csrd473,Vinha e Vinhos Portugueses Competitividade e Sustentabilidade*pt,active,other,,Vinha e Vinhos Portugueses Competitividade e Sustentabilidade*pt,,https://www.colabvinesandwines.pt,,colabvinesandwines.pt,,,,,,0000 0004 9337 5978,0000 0004 9337 5978,,,Vila Real,Portugal,2732438,,
,https://ror.org/006z28t09,Vicoustic (Portugal)*pt,active,company,Visound Acústica (Portugal)*pt,Vicoustic (Portugal)*pt; Visound Acoustics*en,,https://vicoustic.com,,vicoustic.com,,,,,,0000 0004 6419 0018,0000 0004 6419 0018,,,Paços de Ferreira,Portugal,2736883,,
,https://ror.org/05fb4e303,Quirónprevención (Portugal)*pt,active,company,VivaMais Segurança e Saúde do Trabalho*pt,Quirónprevención (Portugal)*pt; LiveMore Occupational Health and Safety *en,,https://www.quironprevencion.pt,,quironprevencion.pt,,,,,,0000 0004 6418 9308,0000 0004 6418 9308,,,Lisboa,Portugal,2267057,,Changed names in 2021
,https://ror.org/04744v755,NaturaFish (Portugal)*pt,active,company,Viveiros da Espargueira Actividades de Aquacultura*pt,NaturaFish (Portugal)*pt,,https://naturafish.com,,naturafish.com,,,,,,0000 0005 0840 3557,0000 0005 0840 3557,,,Portimão,Portugal,2264456,,Changed names
,https://ror.org/04g6hwe09,Voz da Natureza Lda (Portugal)*pt,active,company,Micnatur*pt,Voz da Natureza Lda (Portugal)*pt; Voice of Nature *en,,https://www.micnatur.pt,,micnatur.pt,,,,,,0000 0004 6419 0026,0000 0004 6419 0026,,,Oliveira do Hospital,Portugal,2737038,,
,https://ror.org/02bf26016,Wise Healthcare Solutions (Portugal)*en,active,company,,Wise Healthcare Solutions (Portugal)*en,,https://wisehs.eu,,wisehs.eu,,,,,,0000 0005 0840 359X,0000 0005 0840 359X,,,Porto,Portugal,2735943,,Active but website in maintenance
,https://ror.org/04d41yh18,Cyberensino Escola de Línguas da Moita (Portugal)*pt,active,company,,Cyberensino Escola de Línguas da Moita (Portugal)*pt; Cybereducation Language School of Moita*en,,,,,,,,,,0000 0004 5897 7500,0000 0004 5897 7500,,,Moita,Portugal,2266319,,Still open but it has no website
,https://ror.org/02dqsz009,Escola Superior Artística do Porto - Guimarães*pt,active,education,,Escola Superior Artística do Porto - Guimarães*pt,,https://www.esap-gmr.com,,esap-gmr.com,,,,,,0000 0004 4651 4891,0000 0004 4651 4891,,,Guimarães,Portugal,2738752,,
,https://ror.org/04mvypw81,Livraria Escolar Editora (Portugal)*pt,active,company,,Livraria Escolar Editora (Portugal)*pt; School Bookshop Publisher *en,,https://escolareditora.com,,escolareditora.com,,,,,,0000 0004 1798 0121,0000 0004 1798 0121,,,Lisboa,Portugal,2267057,,
,https://ror.org/026w56128,Museu da Faculdade de Belas Artes da Universidade do Porto*pt,active,other,,Museu da Faculdade de Belas Artes da Universidade do Porto*pt,,https://museus.up.pt/fbaup/default.aspx?IPR=145,,,,,,,,0000 0005 0631 5609,0000 0005 0631 5609,,,Porto,Portugal,2735943,https://ror.org/043pwc612,
,https://ror.org/045f3jn20,Comprehensive Health Research Centre Escola Nacional Saúde Pública*pt,active,education,Universidade Nova de Lisboa Comprehensive Health Research Centre Escola Nacional Saúde Pública*pt,Comprehensive Health Research Centre Escola Nacional Saúde Pública*pt,,https://novaresearch.unl.pt/en/organisations/comprehensive-health-research-centre-chrc-p%C3%B3lo-ensp,,,,,,,,0000 0005 1089 2708,0000 0005 1089 2708,,,Lisboa,Portugal,2267057,https://ror.org/02xankh89,
